gene,f_statistic,p_value,mean_ALL,mean_CLL,mean_AML,mean_CML
AA769410,2874.230474835392,0.0,0.2125239791263134,0.614538155213187,0.23206310174228623,0.22357217690279327
AA838075,2774.8846725121084,0.0,0.1259287952172032,0.6158799987742166,0.1186601804670831,0.10009040588209792
NM_005375,2396.434946216011,0.0,0.6948668677872474,0.24289249512465194,0.6313519199534613,0.6066021614296492
NM_014383,2305.349477453184,0.0,0.039123504995069364,0.43091819494302513,0.04163765361539817,0.028889715528050666
NM_001071,1845.146364148869,0.0,0.71370131071281,0.23800637588722298,0.6995126071607093,0.7077384604964145
NM_014736,1587.6282860679557,0.0,0.6666666098417492,0.30227865794288455,0.6916280634672262,0.7021949471429335
AK025578,1579.511657718237,0.0,0.6440894424641898,0.13380499339548532,0.4655241088992427,0.45460716998854356
NM_001716,1485.4506973893062,0.0,0.13917460753539695,0.48583430083240636,0.15497495302140488,0.15722655037114786
NM_002002,1414.444352195597,0.0,0.07436650688519673,0.3671781478276798,0.09340495809437958,0.0793845434889717
BG528420,1373.3533800649393,0.0,0.7378507492329003,0.2805317913806891,0.6459199816336427,0.44811790072640706
AA156795,1367.329392058595,0.0,0.09468746757233054,0.43985473550070187,0.11989113501479656,0.12005476229066069
M11722,1252.2248509512278,0.0,0.6833971991724924,0.07029333207186488,0.1959012014472473,0.07593899189906061
AA585152,1214.0992263787641,0.0,0.7950094827203029,0.19600734031338737,0.34671593347296176,0.2236071367596472
AK093001,1185.9903630189215,1e-323,0.11489087458723442,0.4342597618007459,0.12952550625562645,0.10550844738649771
BF968097,1183.8030944104546,2e-323,0.16905111221889238,0.5084558859278884,0.10674839595637145,0.08546949277610284
AA768884,1169.557119672037,1.91e-321,0.2770368441332713,0.6107789123360114,0.2716343134119817,0.2611206189491028
AL136179,1165.2166063394877,7.84e-321,0.7421421329362676,0.32556141386366594,0.6669088904727758,0.49494056091752164
AI989477,1159.1361686722028,5.6956e-320,0.5488516820302028,0.06959967274132348,0.4434228292032207,0.2146945749084617
AA489100,1146.5360930147522,3.56004e-318,0.18423726809010293,0.5413405888317003,0.11271924801272294,0.08687071545526033
AW575313,1115.7600159059048,1.0083705548e-313,0.15460159242529115,0.5350472084659187,0.11550391268289506,0.0872900869783967
NM_017784,1095.5141000991011,9.6533277519857e-311,0.23947684227386404,0.5697908333585232,0.15295331424341366,0.13398260302668405
AL560266,1042.0576757780232,1.161204506305672e-302,0.060853651207562004,0.4002895588998365,0.046350334507797325,0.0359691137253025
NM_021778,1025.3231554373479,4.5660910239150634e-300,0.1351490187738518,0.6095931433958595,0.38031446345599823,0.22048685318508812
NM_014499,1018.0495349858885,6.271169997993848e-299,0.22960391695987128,0.5637643660422619,0.20212835512134877,0.21680304901890976
AI935334,982.5372889091171,2.7706410706900225e-293,0.172529792814695,0.5949193210289951,0.285938655580702,0.21428408595018605
BE966236,959.503453133017,1.5375890337247732e-289,0.5295932726302278,0.19049102694330589,0.5491297025856805,0.6421021029006603
AF322641,959.0022811360705,1.8580325151222896e-289,0.2013752505678786,0.4698932345657912,0.14729817539221582,0.10932706313770875
NM_005013,958.8236694782656,1.987745640882394e-289,0.5907733868978439,0.34542155759369775,0.6926788234293229,0.6931335593378821
NM_001168,958.1311205318887,2.582476258334071e-289,0.4140393141691291,0.08966501383896808,0.4101847810417066,0.4658732525137968
BG231773,934.4257074154992,2.1905559562163355e-285,0.17262060347268435,0.49572832539740497,0.10201044559500504,0.0556569222014311
AW274756,910.5299888118483,2.3782373230132897e-281,0.6658575061127681,0.25200155534180285,0.6364155728297475,0.5152307908202327
AB037805,866.9606300664719,8.708002984819531e-274,0.20111098644802128,0.5276260443566217,0.11863503070613407,0.10983155401380257
NM_030796,863.6296775669974,3.3846679142538936e-273,0.3974720401979914,0.6491128638826845,0.40247996957385584,0.4445686742316845
AL031588,854.402291533412,1.4842084689618626e-271,0.21887279454823758,0.4830293681173888,0.16510980016396093,0.1329936185028664
NM_001783,831.231808748494,2.248904360723169e-267,0.4756795967151539,0.5974499256299015,0.230339779841065,0.18981793089661492
AI225238,828.6696923194609,6.597432795304966e-267,0.20123172999539096,0.5293490784832194,0.167040410841152,0.16842708876356485
NM_001715,823.7338627478377,5.28140623611828e-266,0.3868439244213215,0.588270794081537,0.09929461106440554,0.06599413882941009
AA296657,822.4276223259274,9.17219090072577e-266,0.4653061374064979,0.10379720610892602,0.29359566168098605,0.3416115478720775
AI351043,819.6363577882097,2.9898392815781045e-265,0.48351508959991124,0.11447361381213626,0.3180816164493909,0.3761866737243742
AF288571,801.8020861301502,6.086375039540858e-262,0.6526841301163402,0.592495782843119,0.3006765645410474,0.26689380216737124
NM_004701,800.0543725847853,1.2924695955349138e-261,0.45770518078443106,0.17460871836807154,0.4795813759071354,0.5266946103683737
NM_006235,795.0309572097693,1.1332520756719795e-260,0.5372953676370853,0.6445690549375639,0.22201813769831183,0.18838187133850048
AA826288,787.6836026713596,2.761177811853263e-259,0.27212074875763254,0.487611129565581,0.18144277032421258,0.15715691222007885
NM_020300,750.2300414284239,4.527219145971393e-252,0.2586546542567261,0.3012644980438761,0.6132771087527739,0.6129443520723388
AK026898,736.1911161110874,2.6619599197593406e-249,0.6110849181583168,0.7567820435837854,0.5887796293784672,0.5588655416355577
AK023208,730.9101051365067,2.9954262863349857e-248,0.3139588485104502,0.096139371182911,0.34768011215132033,0.4575575416864351
NM_001774,727.3339332356968,1.553595803004995e-247,0.3592756393305752,0.6158782068938645,0.41264824222787816,0.46554584835850915
AK026133,722.0724798340044,1.7682378514387395e-246,0.26260229417121833,0.5020027888726585,0.24397999876639026,0.2864797822264738
AW575863,721.3514483739924,2.469999849813279e-246,0.46598720154084194,0.7286616386492041,0.2913755933275801,0.25426189540777094
AW080845,695.7328798251007,4.132680921047563e-241,0.6283781007615798,0.7657194509787901,0.6092899984422825,0.5766443513160529
M74721,692.4588481419833,1.964428567131377e-240,0.45506422734315244,0.5630403228952915,0.3279021643826934,0.3009919208842655
AW149417,685.2027129817332,6.330925488818616e-239,0.45223326064270297,0.09610468236815954,0.11892964848288215,0.1110896380011772
D16947,673.9861117750147,1.4268619256531294e-236,0.1810722011792978,0.22094836506898266,0.5741930088673353,0.5823451453863189
AI220117,673.6758972040118,1.6589418962012374e-236,0.2588963124926689,0.3104698468325856,0.6355216848131283,0.6354980323203775
AW027333,666.0729943222738,6.765356961597513e-235,0.1885420392836666,0.0992160095344003,0.5423505116264963,0.5373563087263773
AA992805,661.2530110579609,7.205884816765876e-234,0.3671244943531555,0.20181769430283694,0.11585291219396873,0.12279335955201189
NM_016359,659.5663419148412,1.6534638340407606e-233,0.5709190599005157,0.34821612850020206,0.5722427186103183,0.6148959190346474
NM_000297,656.3270798401844,8.182287093582837e-233,0.42886265565495973,0.20364075704214443,0.35397832031843735,0.32825511555339015
AF294627,651.6220739702495,8.427549585700208e-232,0.4056303727466169,0.34938162830874386,0.12363051657441733,0.0884125308664299
NM_030952,644.5205446519915,2.908756390130827e-230,0.3041039523796751,0.5312045224105256,0.30345897772258823,0.35760467308898314
NM_001928,637.5000111029327,9.892361298343655e-229,0.211960444820686,0.4183453781695306,0.6693634426489414,0.564149121905482
NM_001250,631.2198121600181,2.370776718486683e-227,0.07917907237744924,0.2950049620593273,0.07978212476820336,0.05641634120107738
NM_014766,614.4121084255274,1.2948029028991776e-223,0.14087623303944094,0.4302237646237707,0.23229699226002054,0.30197773353998053
AF161441,605.0122730237821,1.7046157269064594e-221,0.44491858755605757,0.09642352661479439,0.494476757907392,0.48519360707249753
BE614410,592.8460467961888,1.0159537244604793e-218,0.3506309151512767,0.12770973639130465,0.3512236024561095,0.408088136550992
AI808597,591.9671675287768,1.6172610287277449e-218,0.16721917953210833,0.4191863849318983,0.0938781524445782,0.06964421052442388
BF510692,591.8569418830666,1.7144155265567255e-218,0.6294865229619889,0.7480350425977748,0.27604126350425096,0.22392286364595557
NM_012250,589.4022670455116,6.296920605729285e-218,0.22100143576438175,0.4488195648361862,0.1260728147963483,0.10355912312475402
NM_021953,587.5968588563665,1.643098517101984e-217,0.3220396478139206,0.08835156237950179,0.326690825564852,0.39536155067210993
BC005810,586.0805009449538,3.682550365483069e-217,0.505792862677481,0.14656987893768442,0.6078485854346929,0.5949440799480262
BC040053,581.3777623294956,4.5378282355675263e-216,0.10835018236918477,0.0972876489075993,0.33946327452007896,0.40156912734342176
AI433463,574.7848129813322,1.5686289790648154e-214,0.513795583656297,0.10664445365276111,0.0861698704556986,0.24948428742327663
NM_022346,574.736901017987,1.6096937859770042e-214,0.4139393947745135,0.20885468892092945,0.40976111173397833,0.45193383305571794
AW450901,561.1026423898998,2.66093560535021e-211,0.37217495205102985,0.4738820935854932,0.18244548518833953,0.16751046565382977
NM_000250,560.0230914288248,4.808074500262276e-211,0.4653213336175188,0.18106632127194716,0.7029342425965381,0.7642857210580692
BF664114,556.8321076899705,2.7750771543535904e-210,0.1904433854436929,0.39267851108928775,0.168514248108716,0.15085070542341397
NM_025113,550.3484197271993,9.969761266229605e-209,0.42783936446344634,0.6558459106879898,0.24099932851610484,0.3162323829046516
NM_014875,546.9471275074964,6.595688677337675e-208,0.3582831624929511,0.14874933949251215,0.3623580102181852,0.4288927219634832
NM_002167,540.9292143667111,1.9010312931418592e-206,0.48702284412612334,0.6480335381966603,0.19145509696670665,0.163737244990676
NM_000022,539.4013589242572,4.479287322240676e-206,0.5986447393073948,0.34049850771447276,0.5202309792491713,0.35866037219069724
BF001806,538.2285787142239,8.657081936546664e-206,0.36505429685936064,0.11634016739212387,0.34199467399936706,0.4018901641978774
NM_030941,537.1472509675473,1.590613118697412e-205,0.24286725063628833,0.08767589083224346,0.35186684636058513,0.35270249601020376
J02694,532.9482135854635,1.700750727797199e-204,0.36813148748505553,0.1744466963015843,0.6290425867465568,0.7147819857264675
AI129310,526.1943122185235,7.879072811091936e-203,0.44245338433106013,0.6750596538814815,0.21996572840748652,0.30659618583876036
NM_007128,525.590647254511,1.1117612248732668e-202,0.49454666605783165,0.11286982901213603,0.15686183476798846,0.12011003802898661
AA515490,521.09208796209,1.4578970415752869e-201,0.23562035712182794,0.4161495595918929,0.2184294803423177,0.19732884525559666
U15642,516.9025309684406,1.6219290061017032e-200,0.2053176461908018,0.4292187502741311,0.1322449691981396,0.06991125712561053
NM_016121,516.1367412633771,2.5225776483902772e-200,0.35150965373031795,0.10556670712436772,0.31515601745549343,0.2824342129535453
D86983,515.6740212007975,3.2948074780167924e-200,0.525398172096375,0.1539779415094777,0.25960726437343695,0.17105229831365656
AL136903,515.3322932376308,4.013550069085681e-200,0.40430064429315404,0.16775415617312434,0.4415774068827759,0.3556753670753434
NM_000448,509.7173067736878,1.0391450603954454e-198,0.38668397297429075,0.07887237554490724,0.09736229514826367,0.08774993926026796
NM_001700,506.47490176377363,6.871439962496878e-198,0.348570675196109,0.17733520559204216,0.6456657029137537,0.7833213445752166
NM_007287,506.2057138750233,8.040810417254821e-198,0.5036426221240534,0.11430821966827859,0.0892705204135626,0.28660394493923635
AW298127,504.7443407897536,1.8889253516561498e-197,0.1927733081083215,0.3901094997042342,0.12717342378158514,0.10343561395136423
AA954994,504.3251810544887,2.4139238354066825e-197,0.4778109955977341,0.09680180042640223,0.45188361394367677,0.3800252298283022
X59350,502.14647840767645,8.653724321734558e-197,0.4160461138096561,0.49363230935883423,0.18996441149033233,0.14537897324839297
AL121780,502.05598132913275,9.125699666043627e-197,0.20358223561838337,0.4063506254666968,0.3903113218451984,0.3734163829060488
NM_003243,501.44991789108843,1.3025252927170008e-196,0.27094147101881993,0.525611749429743,0.25521647366278366,0.2906787696965905
AY043466,495.0978460121865,5.5099935110553566e-195,0.06517643835384894,0.2712031982854826,0.060626447432699834,0.051033741101449336
AI524095,492.25329636307504,2.9754601412967374e-194,0.413979549200163,0.6717972916389819,0.3146429641556415,0.18403306014316026
AL078599,490.82077441495426,6.972059177771782e-194,0.23075739918500954,0.3443524795368251,0.5350326564351409,0.6297280046828958
D55639,489.33876784082673,1.6851067804821247e-193,0.13978347152956427,0.4557397442276468,0.3729496051390666,0.3235908192257549
BC002807,486.4536800229247,9.435316204454104e-193,0.36560338168456263,0.6300977003222277,0.22546101910884747,0.1532525253417187
X02189,484.815994675967,2.5154103374949668e-192,0.5180559463867354,0.2350455792581482,0.42718227398998543,0.2745261864606724
BC000731,480.88691504693537,2.6657908923045502e-191,0.4052817116260802,0.17141795810312035,0.47572687053726803,0.4829584963099901
X12530,478.28662169757786,1.2796118548472318e-190,0.3434166421797639,0.6050991349959676,0.20276079308567752,0.15736130865420722
AW193698,472.75997052334293,3.650668911505298e-189,0.20387088679046367,0.44656637166371327,0.1845688096896278,0.20086262552717402
NM_016459,471.5161804531152,7.785426871609497e-189,0.523127930973648,0.3217012617532714,0.28673802308941165,0.18367031766751485
NM_000222,465.11607732578136,3.9076004218814065e-187,0.1643921837516112,0.10410575543919319,0.4270970106472765,0.2841414202784383
AW246673,463.3108709364638,1.185992345837726e-186,0.3803749798771438,0.5187953563430642,0.6823889805649042,0.7405066462450249
BC003060,457.40776795066574,4.5557423390511475e-185,0.17266589606505472,0.2886582865588021,0.3681890842167784,0.39354173457899777
AI743534,455.5808294067533,1.4169742144634014e-184,0.2545044917171103,0.5575095933197923,0.19968557104482842,0.4071633368730545
AI242661,454.54762047407286,2.695092847704388e-184,0.49598320375341887,0.23214359270243712,0.4417868409059391,0.28690219133399264
BF342851,453.87879622908395,4.0880175888512054e-184,0.5427362388298941,0.17655776221823843,0.2666083328454875,0.1817730154928773
BG435302,452.97320550660805,7.190399476261411e-184,0.5780557559123861,0.2010322568568751,0.15976091215553684,0.20657256470863222
BF432625,451.2623482330188,2.093370893642718e-183,0.38720158422622114,0.14515372475742788,0.41011860282504603,0.31255965558595433
NM_001770,451.22445026283185,2.143572166388006e-183,0.49409499186851563,0.562982154672156,0.20564701570495095,0.14992881921488185
AU145682,447.26029311557363,2.573179698882851e-182,0.5163195955400449,0.17171381231601732,0.13467050628765606,0.1293316883533153
BF797381,447.110819847777,2.8266762646971207e-182,0.3128775989149757,0.525952615315401,0.20569918072032328,0.1340395636250114
NM_001780,445.6546185827174,7.066933923094543e-182,0.5702160151179777,0.6065986586522453,0.7030262617749463,0.7174636707749478
NM_017843,444.96150314528967,1.0937352579992582e-181,0.23980988167363024,0.37025046782403054,0.16484070022804265,0.13989717071486082
AF208502,442.0378231163626,6.932760559556604e-181,0.43879917763822945,0.13652100247716073,0.10060092333454192,0.13374988567950422
NM_014943,440.60978925548585,1.7129440411235382e-180,0.49690339820237334,0.5304608068385708,0.30306311995370844,0.289689407099125
NM_001972,432.3631614102038,3.28665911470032e-178,0.4393953519164149,0.19074674865097313,0.6640752740313048,0.8091607773026754
W73890,431.85647461689683,4.5481766071647073e-178,0.4085342169487251,0.1457399482355465,0.11373028103153474,0.11757489943573642
NM_003851,431.76455174318767,4.824392154875555e-178,0.5258121055747391,0.4856808404379253,0.6759951439349104,0.6363936038904412
AW474852,429.61673190965263,1.9169458886264464e-177,0.410413505449686,0.6766566947291169,0.27185687585099666,0.21870747591953638
NM_015642,428.86441589826467,3.1108840172476916e-177,0.36086330914852816,0.5145447831365126,0.33494249125399017,0.3316378664485244
NM_001771,425.60890746355625,2.5423421981018305e-176,0.34354794141569456,0.43396947539179637,0.09429500837074707,0.06581536290604012
AL133109,424.8850671859672,4.060946528298111e-176,0.3809960210007517,0.059613169783938526,0.09528843300183329,0.04017248066943571
AA535128,422.653867443105,1.7251049221049572e-175,0.31412113299422445,0.15619040373712778,0.4090509768937812,0.38210117331770954
NM_002064,419.45340271699274,1.3841489659038569e-174,0.6357810225235213,0.4605926175912221,0.5849302266126477,0.660956488099209
NM_016205,418.51592733795667,2.5516789434325243e-174,0.17828104704823516,0.24734556558640194,0.4872609986760563,0.42717254023219264
AK025100,416.54194235970266,9.2741273330825e-174,0.24237248335683023,0.28130300044384693,0.4538101200231782,0.46586699818455896
NM_004414,411.82265468551316,2.05700278293528e-172,0.4764256307752718,0.20184301683985736,0.2703020267029101,0.26255821384662803
NM_002935,411.4323074666326,2.660417996823482e-172,0.4077046243345724,0.20815735379477593,0.6027731193004879,0.7405201224393622
BF112140,411.3063847006385,2.8906855717602583e-172,0.4199922306761103,0.13960405214559996,0.11337588453150793,0.10929003648113376
J02783,410.99015315257844,3.560929608299565e-172,0.5312762708155387,0.5427916292651294,0.6653597945137246,0.6963930240897245
NM_001237,409.1981044638062,1.162808620403145e-171,0.2920336609988243,0.09181240198343898,0.2929878180940792,0.3559286712214003
AF305083,408.49747091657065,1.8483567892452597e-171,0.45170305218171636,0.3576586289873606,0.5723231991441333,0.6423673671345378
BG477064,407.7287109410421,3.075079164517077e-171,0.4580921759025766,0.3008116230934481,0.5892754408172133,0.5778944242832272
AW452651,401.1215084842517,2.497500566696309e-169,0.362841370573199,0.11779024932957903,0.13945796637313898,0.09921939635844246
AF162769,400.9091407763227,2.878547991074229e-169,0.5099806302321066,0.3307523328952397,0.4461916921667552,0.555105060338974
AI349506,400.5402695815863,3.6840896218894837e-169,0.43370177164468743,0.27947258886405685,0.25722708886467527,0.2322988723253095
NM_000349,400.33830315653336,4.2172014054775005e-169,0.08963495924739903,0.09227946604393772,0.2885326965048851,0.20989816774462544
NM_004010,399.29998978893144,8.453385974574367e-169,0.12490492209593484,0.3915339967919679,0.10904522787495102,0.0857085726375497
AI348094,398.70238231183566,1.261969543721263e-168,0.26804496622815255,0.5432764070682259,0.15412397195987315,0.10705795913371587
AI698023,398.13221851288694,1.8501624257136984e-168,0.3980418487362256,0.09549290037376,0.13280847442974172,0.07214942183562147
AL833199,395.3886908323664,1.1710780410591018e-167,0.28560138368282745,0.38199228928561957,0.08729048310471013,0.06401620586511012
NM_003864,390.83539744767154,2.543064238497926e-166,0.5335102159564101,0.3197239282764966,0.5400523866892789,0.5124060539312141
AI083557,388.16546267279426,1.5601678497116667e-165,0.2717378254843141,0.09337541042386954,0.1062092403736299,0.07997973111653055
NM_015559,387.0818787197817,3.263966810451402e-165,0.32411679325181,0.5218537785584414,0.19257007150798455,0.20392648598482446
AA207074,382.2963930953374,8.617493109167052e-164,0.23211088912014705,0.36618213808234734,0.15452973053297794,0.10217909701168533
NM_014880,381.50516241149757,1.4837512496861133e-163,0.33187904332362866,0.4538301811691075,0.6035859160965983,0.6355950749197672
NM_003645,381.1897518593955,1.8429107932935625e-163,0.20369618921540678,0.14014378158800023,0.3703250127630707,0.4405534461487171
AI862674,379.6487908812771,5.3217428671859977e-163,0.22037518251614666,0.453912569500726,0.12932300355452103,0.09621548483711342
AB004903,379.1557964737444,7.474960096856927e-163,0.5299873230359389,0.15667808736489794,0.2685165120948266,0.30061207711696625
N30339,378.5014236295113,1.1738831167549276e-162,0.347525885557209,0.10514600214230108,0.1257337311134177,0.0932355760055226
AI377271,378.5011570247319,1.1740990984098624e-162,0.3626625248735104,0.1383155717235452,0.4077576670201372,0.42174484909966936
AI797836,374.3651630124998,2.0552875335305883e-161,0.21478607142643166,0.4184314233215549,0.1889305305649103,0.18339682578347452
AV729072,371.90615633120615,1.1362589751493939e-160,0.27553995597013914,0.4576617945221406,0.22998715422282917,0.23129163283941362
NM_012395,371.71204400321363,1.3007975734270488e-160,0.3903712185800349,0.5927522252254849,0.3401391129897263,0.3989645914975988
AF016535,371.16736802341114,1.901513271217317e-160,0.19025444588116627,0.44790891785850506,0.16603735636680564,0.07803990826183971
NM_003504,371.0269112465958,2.0972043958134813e-160,0.265745544604265,0.03139638278205025,0.2570836388647325,0.3311442725880202
NM_006834,369.7180763645396,5.2296544079938466e-160,0.2999555073003498,0.34065033412118,0.5397923650792601,0.5563851206801659
AW499525,365.8174955926148,8.045709904381524e-159,0.39033674185565853,0.5466202810595308,0.36762843527450634,0.37163245816563445
NM_001911,361.840173124667,1.3272149391926457e-157,0.4401293537758906,0.2719679083124998,0.6241941835861725,0.778065889380699
BC010948,360.85724105987447,2.6600160949032785e-157,0.28575301719316787,0.47345118017136295,0.3509737449165448,0.438078614168389
AB033010,355.66743599201,1.0625200661348418e-155,0.24303761564212248,0.27942047480352317,0.40081190193209665,0.3184214809606241
AF267860,355.4082380885447,1.2783205383347896e-155,0.2164264263909891,0.2480442508866516,0.35813965349809673,0.38211225527663556
NM_003877,354.7738601118424,2.0105133766508332e-155,0.697403248502027,0.32264373284854975,0.46091423232963574,0.48896677688110707
U07139,347.9822822213471,2.6326469163094104e-153,0.34218749523572967,0.21447877997713252,0.22272381476391154,0.18609728075044105
W46364,347.21048190844243,4.595493575817981e-153,0.371202589909828,0.1123694908247184,0.08866077826579431,0.06946122944679889
M58596,346.791531413173,6.219834728718135e-153,0.38304860824975406,0.33757652971060464,0.4945257608760656,0.5791760592959646
BF513468,346.1761775171387,9.70501957096068e-153,0.4552939439346211,0.4002359984167517,0.20207144180946923,0.09676464042777932
AL035086,342.5644484185553,1.3324350178165481e-151,0.2938169557195362,0.4122695189110841,0.15817752953778214,0.15085722887238792
AI559190,341.93895179326614,2.100368455668703e-151,0.0843804986184087,0.0935264634624721,0.25549343619713066,0.31321545837577
AI378026,339.46433355931117,1.2766411886368933e-150,0.18376114916637404,0.3400538109148605,0.17717648071059344,0.22615067903385613
NM_001772,338.55153675473383,2.4883550411407246e-150,0.14218676202704092,0.18254023529333757,0.4147496990685565,0.4392845769261205
AA058578,338.41729594252985,2.745187135258342e-150,0.3505047215405134,0.47214221262730627,0.32317499513466075,0.325575469538223
NM_001553,337.10173873615497,7.196033030660797e-150,0.38654434140301697,0.1825631151667439,0.5850364576285915,0.5294250173624171
AI760356,335.16667702564365,2.9799844328068683e-149,0.29066405848625604,0.4220715292772663,0.23985198864909,0.2285591008704763
NM_002224,334.90546143943726,3.6112565603520588e-149,0.2296844883453434,0.37565997538435814,0.09361269757883615,0.03726464513212789
BC001651,334.60902631736275,4.491521738078074e-149,0.2651135910434837,0.06294422500859162,0.2597982138286595,0.310207798557226
AI199541,332.9300286136391,1.5480167948752769e-148,0.29633856231694905,0.06358357948469165,0.2879043165811769,0.14473065536815768
NM_001778,332.89297011254183,1.590933909928527e-148,0.45793549169641024,0.6679516634609126,0.4738075788266928,0.5455214367356411
NM_016300,331.2685017521316,5.2834705533130134e-148,0.3296256006552214,0.09367754147977486,0.10048181145970171,0.09485068930269679
NM_001870,330.7934147906817,7.509509978223811e-148,0.18826306365225293,0.19872970191392472,0.4711686656574795,0.5092952230642008
NM_003293,329.7659745099631,1.607713146088128e-147,0.0723299203016539,0.0634086136539164,0.28923622829701884,0.24887491563378386
NM_002337,328.52008430135874,4.0531531164525153e-147,0.33377973848116504,0.4310256887211578,0.48808615924319404,0.5321318916110105
AF063002,328.38846338710044,4.4695394850782197e-147,0.3747867837317561,0.1137789876656096,0.20541947096693133,0.13799405405514467
U88964,323.545823902157,1.6550375982356017e-145,0.5115678264255371,0.5919919319545166,0.3671003875217549,0.37621001379434454
NM_024843,321.626059487299,6.980279223424807e-145,0.1295882832865581,0.08823407832965383,0.28135572064030145,0.34904423702594856
NM_022352,320.0650473036081,2.2568403969468646e-144,0.14562618643859268,0.1844180998970059,0.33293178880493,0.35526041305342393
AU144961,319.80080947963273,2.7535278415724534e-144,0.3650652462907067,0.5094275908379615,0.34198681404270553,0.3555885615736939
AI537887,319.37562631729503,3.7928982977239314e-144,0.4432750251315056,0.3764907031119624,0.5529478570366648,0.6704742977785509
NM_004364,318.4556699918873,7.589495763727616e-144,0.23085041578278084,0.2568163818322154,0.476125738587129,0.47105225920677185
NM_002975,318.1034591536165,9.90054902833144e-144,0.3196335000481559,0.11700839954644505,0.4298269208665604,0.4283685185188473
AI692426,317.3484473823562,1.751247883973877e-143,0.1461727226002424,0.31789606044123947,0.13444474567786038,0.11966717009281001
BC003574,315.38470680861207,7.743502929423719e-143,0.5310799067310237,0.5313531415937822,0.15383828331350352,0.12704901743766875
AA628423,313.80971974983095,2.5595066501619905e-142,0.41529326267442196,0.23210902684977283,0.44711439294110017,0.4482923877793689
NM_004395,312.19144491465596,8.769644051640145e-142,0.3836651269449006,0.16913750620739626,0.24647761920488764,0.2053475054197534
AF353992,309.8402654373288,5.277812044050033e-141,0.4275109431612382,0.5451502026636389,0.4654890716307822,0.495565150366273
NM_024070,308.6523393196916,1.3103255506414251e-140,0.40390476851014917,0.4695455445770473,0.2528505391126013,0.2729575374098712
AB012142,306.1110073460124,9.220147306065658e-140,0.3839080575682701,0.4910414877823133,0.3770614945934904,0.3594068642272506
AY095480,305.03249403326794,2.1153406172894462e-139,0.375266875422329,0.27665659037068924,0.5354043513768378,0.6981455503508102
NM_012447,304.9506141148623,2.2531247814926575e-139,0.4456440809635668,0.31947570001777215,0.225433609046129,0.18358015191069874
AU146891,304.3639590709666,3.5419390328396655e-139,0.4492541410374976,0.11597338317252917,0.33199039219737286,0.23289312764482442
U73936,303.7034931796703,5.89703560966198e-139,0.22326040195745483,0.1871678981898581,0.4534057889583046,0.5050396801427354
AI279062,299.4031084972234,1.651465821309359e-137,0.18154937881013003,0.3602172152025287,0.31824828829282914,0.49144021993459663
U77914,298.82433082728585,2.590661283735115e-137,0.21647675521671772,0.18408169825305923,0.4419050512596211,0.4906174076157947
NM_006892,298.5812357407387,3.130364359153787e-137,0.33644512880149235,0.17729492839190028,0.3569828307379313,0.27737958122824513
BF447954,298.2233868042121,4.136498427786446e-137,0.21106250834685472,0.27145070250967385,0.4387763935188375,0.47209759714991545
NM_004615,297.5314217371448,7.09379955386959e-137,0.403766868351916,0.09840002658831953,0.21239374521829854,0.1504835583009693
AI983428,297.2318468629443,8.961335272073456e-137,0.2664123687534294,0.07379370650329592,0.09798624054782441,0.0743659729311286
D86586,295.53238336063987,3.3811625875243835e-136,0.29815014065969564,0.1374754767800104,0.40180374415236225,0.38479765452617815
AW080832,292.39878550502794,3.9497813506429927e-135,0.39934981202732334,0.1655809796034095,0.16005905709638904,0.16081401004001153
M25915,289.7415772877132,3.206625591719816e-134,0.1265890173253031,0.24270714999261045,0.35745779862074756,0.2976295008042524
L21181,289.72181701082775,3.2570638830207264e-134,0.18421731337716957,0.16409582978817897,0.31424431473828474,0.4522445049396781
NM_013378,289.57261025057085,3.664486322855547e-134,0.48672017927170486,0.4076096204262746,0.17389945305362053,0.17198647086530233
W63676,287.3032225710358,2.208439539336597e-133,0.32799958632489956,0.19876747414909837,0.3527826146885811,0.5393742066483165
NM_000626,286.78822584402735,3.322857574838867e-133,0.49165741781439254,0.5272853878731466,0.32397817834805887,0.28746774792671204
NM_021991,286.39304823530944,4.547360134784523e-133,0.47304755582051233,0.1870608777161452,0.38972777067339376,0.19589748328854872
BC002490,286.305032509506,4.8765988462119045e-133,0.4366822600911517,0.6621464689572653,0.5181872393602527,0.35235237590102264
NM_001449,283.82960593548154,3.4971786609711846e-132,0.630682266667622,0.3776949633714519,0.47831226061986115,0.4150544813899107
NM_014688,283.2300517877355,5.642480556100987e-132,0.3624860922541093,0.4617327224809032,0.31439607348365545,0.26440589580424995
NM_013314,282.1480657246984,1.3393978647887377e-131,0.5471294412150158,0.5787951723684238,0.2594004263630289,0.16075867284522505
BC003355,281.69908575261445,1.918219348234935e-131,0.14765242386049668,0.3732665819017696,0.240052612121525,0.141463665356643
NM_001321,281.2935184599633,2.6540154774777895e-131,0.43945263448564353,0.15632660522711175,0.2053073564768997,0.12240964503482331
NM_001251,281.2911553600095,2.659042728364555e-131,0.17406696634294483,0.3052045581901627,0.33117129565270964,0.32426460884338204
U54826,280.711808845744,4.2297394177721106e-131,0.4562866456855789,0.15547929122603898,0.35067242365113027,0.2629730320254038
NM_019848,280.54286597860346,4.843228809043451e-131,0.25249399387901394,0.3696426813989752,0.34867096213979015,0.3937643250060636
X82240,280.4504230325339,5.215886030585408e-131,0.5688143393896316,0.5530075162397659,0.19823707477823768,0.1978995780958686
NM_000905,279.33604193788267,1.275842428563199e-130,0.4293594560415031,0.1511060373173862,0.15240630531748792,0.1394946620214817
AI991451,279.25689509359694,1.3596107327103585e-130,0.30941368601874475,0.26532297512272746,0.39018966976538705,0.45332435535830123
AL161999,278.9696857601093,1.7126317085668138e-130,0.6113438581654785,0.6837323385954909,0.5004986475297913,0.6127087148123009
BG291039,277.74257610827476,4.597484607147559e-130,0.6510503443145971,0.5914205417099885,0.45125543345708097,0.4103955917580182
AI927067,277.3527069754048,6.294432459942765e-130,0.5811372927877061,0.676079175643277,0.39772747481669435,0.3270438507545826
AK026674,276.37938688165434,1.3802571355743306e-129,0.5747972673676703,0.6805930069730252,0.3894634058822222,0.31515029627223345
AF206665,276.3064987998561,1.4639242993984696e-129,0.052469707396385526,0.04326600050416143,0.26728059022401096,0.22295292232965314
NM_023941,274.13994719809136,8.446004431662446e-129,0.38280737601699083,0.2425678799455428,0.3474786986636745,0.17765059564695795
NM_017918,273.3823514858125,1.5611795876817715e-128,0.479938967888235,0.5887670877865095,0.40437260084578963,0.3530238825221395
NM_001775,273.3046329809421,1.6628076358116136e-128,0.36470707690497056,0.1864137764045584,0.3741486875579515,0.37259565917558446
AI961778,272.47485140649434,3.262055828644668e-128,0.650129520496644,0.5040725636834333,0.7099935493580563,0.7577719813169435
X15357,271.57152833230754,6.8004915682996e-128,0.2811077218630924,0.11406775891686544,0.10056950734268717,0.08238706763747125
BC004908,271.2211978186277,9.044931921949151e-128,0.3590387791232847,0.22952610811902377,0.4540419102526824,0.3274687029594598
AI081356,270.2506316030145,1.9950113942069913e-127,0.3190215691120936,0.19693572322920533,0.34617865462479425,0.31082485442937813
AL581873,267.9378607618565,1.3207923927160266e-126,0.43282481752882856,0.5302469073971615,0.3151000175001788,0.2145149148134298
M92934,266.34117371373213,4.891368638536483e-126,0.3951658257560958,0.06081245014864464,0.11687550480488385,0.08926997695464728
AF283777,266.1884554084488,5.544920792154522e-126,0.34827162809840856,0.39073680721632037,0.1508801982444548,0.11631851000061567
NM_004968,264.94337913413284,1.5433386115705846e-125,0.13790531330496297,0.12042725091418921,0.2553657050161162,0.3725072232096695
AL353944,264.6252141981432,2.0054670544059578e-125,0.3095937503262534,0.29826911884646873,0.5609222167254886,0.4947225804938826
NM_005238,264.15679063523993,2.9498777333457505e-125,0.2354083656495728,0.35108162220646055,0.18034772480682182,0.17598768492597475
AI950380,262.3194475156668,1.3441327806769027e-124,0.47346062879633466,0.32883995413025724,0.31639601516352556,0.20647682422815367
NM_004327,260.1664810369665,7.995602698134474e-124,0.4278703676109467,0.3177674151171109,0.4011699996801666,0.32486646362515387
NM_152555,260.0972843472077,8.468141336613343e-124,0.13004863308742645,0.0936597185523764,0.135364373580549,0.4219395109387331
U23736,260.05535301302007,8.7680015962632e-124,0.19850557440584268,0.3207326742510001,0.12436817082619944,0.07320468185122965
NM_012252,259.91487234962335,9.852338452822814e-124,0.19340078531520938,0.2884653588041726,0.4346692083178791,0.4230448312537616
AA045174,259.35976151092393,1.5622761858446682e-123,0.3634869242343334,0.4847365274459501,0.3246948230170902,0.31381544609402506
NM_000700,257.14579750933405,9.867163285757999e-123,0.5490335705561922,0.5994150382054003,0.7855033570690377,0.785455121550449
AF206666,256.9300660899034,1.1812734484048029e-122,0.0858831973503442,0.07756467246477991,0.28839713535072276,0.23626321866068728
AI970972,256.8108384507062,1.3048431207655078e-122,0.11611716284570413,0.25672263406877277,0.11398586308300962,0.11347110296577913
NM_002560,256.49053808243025,1.7048194646736514e-122,0.3003814330307442,0.38717877877412465,0.3964656783333084,0.3342811832594316
NM_007019,256.46214814058715,1.7457169562072324e-122,0.3921443528470096,0.25520527011514466,0.40773227555742525,0.44319203010825214
X17115,256.36586712502157,1.8918786853325315e-122,0.6277551227890024,0.7646606476498052,0.4563517409887759,0.34379791901555184
AI760919,256.28341295283536,2.0267612006605476e-122,0.4598164258678572,0.3050257790252126,0.34417323797129473,0.3338147803794506
NM_002118,255.67634588104897,3.3661998999264147e-122,0.5463993422550346,0.6886269515576745,0.48097871702004963,0.4102591837561408
NM_005024,254.92441010776824,6.315062078585798e-122,0.1561060181686467,0.14188447708208984,0.25721685464425076,0.4729938091233719
AL110152,254.74585260479208,7.333541646487695e-122,0.3605142957402752,0.1368916608670232,0.26198453012969825,0.1880948865829512
NM_021197,254.11563037993454,1.2435613046434234e-121,0.08527574586733287,0.07077667946663964,0.2278685791423392,0.2501338822550553
BC037331,252.41322340299803,5.193566974843838e-121,0.10102983511057298,0.07913157894111038,0.24862988682641332,0.4070833495189977
AK001782,251.7041790914348,9.431172433328479e-121,0.49385069936103776,0.7124480699436574,0.5846500784042744,0.4220378766226214
AI354636,251.33676822156434,1.2851412376193551e-120,0.4093255325425587,0.16701542676469697,0.3637592398094065,0.25085294160038935
NM_003294,250.50537512161796,2.5903597472497122e-120,0.1560120177156198,0.15308132166836713,0.3460961411406326,0.30875160666399226
BF592782,250.22670899805885,3.2771048852705146e-120,0.6713519560497835,0.7479025121731094,0.4844523995158042,0.39483440060948216
M81635,249.7009802066065,5.108614628906884e-120,0.5304857329764497,0.4839869064872275,0.6518523887901455,0.7526397109031677
AB037810,248.55431016666122,1.347290112852421e-119,0.3851662973933127,0.14120957191310476,0.21326799761478568,0.2628133981380353
NM_014900,248.27519411877373,1.7064930811802037e-119,0.21230598333624934,0.4330237492730346,0.28591260658975703,0.21318861712203474
AW135012,247.44275909681662,3.455613417385239e-119,0.5430267987721556,0.3819979491647537,0.4309448408477502,0.39996724489123336
BF439330,246.63419576582595,6.864132291551333e-119,0.41404696270490254,0.07542715173308985,0.30322373920964657,0.1274470095197822
AF422798,246.08618621441744,1.093548781242788e-118,0.21868866651293337,0.3555211033121946,0.18061462312878804,0.1694738643113957
U46006,245.19482569282084,2.334669771822559e-118,0.3551713228054823,0.15174200616871258,0.19054240120958962,0.13546418654190948
NM_014710,244.37078426761838,4.711884836292682e-118,0.31223444467188294,0.4528528508506244,0.21483475564170904,0.17681692168116572
NM_004357,244.12915422323567,5.790328034120325e-118,0.08893629373558544,0.1751393087882203,0.25070044636755373,0.22032240951477103
M24915,244.03717106365653,6.263066823297862e-118,0.3834819814036472,0.5145626699371177,0.5606233816202513,0.4676553717879362
NM_004642,243.67310939735094,8.545594563630855e-118,0.632501389181942,0.5338036365146879,0.6440598243405383,0.5762566785479701
NM_021114,243.34940697717082,1.1267024184514421e-117,0.2579948003820375,0.13980718073533369,0.5124219511798673,0.3190822367404783
NM_000694,243.11052699321516,1.3818404649221485e-117,0.15239864892279303,0.13560925539630125,0.3067013068534144,0.43316091908965
BC006428,243.07026499201288,1.430220043965329e-117,0.48213786262711256,0.703230653508303,0.5875447821524357,0.43099909258443253
NM_004119,242.9399231524329,1.598792292737778e-117,0.45178952833654684,0.2258117601809874,0.4957831372662741,0.19204949804170188
AA643687,242.4475667140597,2.4360086617929166e-117,0.12719356985079178,0.11515715439265545,0.19114924026906843,0.42808009441508804
NM_005705,242.2988481120318,2.7666349965264077e-117,0.2829851980466362,0.36740644665961525,0.39520517409079736,0.43226020003474036
BC006210,241.0681796055183,7.941481002875389e-117,0.6917135561004691,0.6374608087137279,0.7423263386993557,0.6619995804720147
BC004372,240.4800901778083,1.3154971463205575e-116,0.389647388130153,0.5218506084464271,0.5645725407025229,0.47912573745084364
BG289001,240.30532400907322,1.528521091730348e-116,0.5096558423353992,0.38594120140442867,0.5429734295444266,0.49825083516364876
NM_003199,239.14950263305406,4.129139792886778e-116,0.6569461171780158,0.750485776283067,0.482759600686424,0.4044686937054923
BG537190,238.99586188766298,4.712986790335388e-116,0.7954330475778755,0.8529976993673462,0.8571313111698581,0.8086840274722077
NM_002305,238.18781136698874,9.454389097312322e-116,0.39783352956073276,0.6052703460057577,0.6743135373416114,0.5479332672995191
AI493245,237.68570672577385,1.4578665709825078e-115,0.37130781814216746,0.5058597259632143,0.5457879468392769,0.4579738212186237
AK054607,236.60343505417552,3.712782325512994e-115,0.3308962191489243,0.13342417528821385,0.1797934702746136,0.17005383639141564
AA806831,235.61898451363757,8.702955886575669e-115,0.32944862445850576,0.29863099481926186,0.13757063200378405,0.11934327069929866
AF222694,235.40343270168978,1.048963142411694e-114,0.12972453664059094,0.10902718485250507,0.2711563820512205,0.4323550823122956
NM_020070,234.7171528875868,1.901760104797504e-114,0.4833299230715824,0.16735156417238814,0.37966815701863416,0.33139757950638615
NM_016608,234.48711785141643,2.3218736313455025e-114,0.43847186597696414,0.22484021542696006,0.3676040174823675,0.3068806179041087
NM_001129,233.29795208052107,6.524010475796492e-114,0.4086430362092519,0.3209973244145827,0.22002798908640153,0.20206296158044837
AB032977,233.09308504537054,7.796652046925988e-114,0.4889108191688605,0.25136404839749077,0.2596181896922871,0.20930120745283928
NM_003059,232.54767551338284,1.2533964724360626e-113,0.20696316994812103,0.19728774998635681,0.36044828434282705,0.4625420279281084
U87284,231.92689614069255,2.152813159260031e-113,0.16186596725964839,0.2967355599791943,0.1466676229103704,0.13163291766893032
NM_003977,231.7879702642314,2.4300493942881208e-113,0.44082887463886805,0.521434994060782,0.4443381637450786,0.41512784708377926
NM_006548,231.54941728088562,2.9921372706700576e-113,0.34087655239593273,0.24937052873870996,0.5225287139096845,0.31166775749866354
AW593996,230.9711609652067,4.956693190409646e-113,0.2936361827588546,0.4313684689344736,0.25220674763574963,0.2699570680080459
AW134823,230.7451563013957,6.03851113584987e-113,0.3415695453626574,0.5290797553987946,0.3265071584759751,0.28741842508316034
AK026189,230.54146556894952,7.214936378508397e-113,0.31409861150821416,0.10661459925588425,0.17300686768549658,0.1028508095633845
NM_001766,230.31189036244623,8.818455739548111e-113,0.19595951255231486,0.4440662665331917,0.3395593786459953,0.29193019087231437
NM_024164,230.0241618855823,1.1341795755784515e-112,0.15062778641324526,0.1548004905115577,0.3364022124834098,0.2940207603712415
NM_024430,229.84392920844851,1.3279121033629031e-112,0.32948932366941225,0.3168119944411994,0.46869009941932294,0.5513240390045699
NM_002744,227.47238366505067,1.0627302127265643e-111,0.2032229873531182,0.40830666317215447,0.20897342375541245,0.28069136724915617
M18728,226.24315645053366,3.1342053614624828e-111,0.40945455742948644,0.256590912833747,0.42016193380847516,0.7228412655896919
NM_018401,226.01269027872928,3.839797317645636e-111,0.35365369225480514,0.12546682411624036,0.16451910553782714,0.08903331300893495
AF206667,225.52768652153517,5.888446673210092e-111,0.15878021874178816,0.15953957652948206,0.33698207448718615,0.29295169562101364
X14355,224.30825111290454,1.7282531259399305e-110,0.2307773925152548,0.2730855621114562,0.39718726074417277,0.4129995287850845
H23979,223.43339894845877,3.7473089944699964e-110,0.3297193347724206,0.40094314201220177,0.2150298795981717,0.17230212710104717
NM_152701,223.30258440129842,4.207495168048807e-110,0.1376778794063518,0.07117229223940008,0.14251412541591038,0.4521699925494749
AF022913,222.75346779214243,6.844076457263317e-110,0.32304539064953636,0.31305042952927864,0.4318277365038831,0.46888500174810727
NM_001416,222.02622507114,1.304585064440165e-109,0.6943324027805153,0.6424884637699851,0.7433347511848123,0.6605461475461027
AK002207,221.7147179746998,1.720239920889731e-109,0.3005155990607268,0.30777612074478705,0.5325847550762767,0.5185376135415809
NM_005048,221.6810422894267,1.772468025152029e-109,0.11386327143681639,0.1178961377757904,0.2659329838601416,0.3233024888606958
AW450874,221.5973153686547,1.9093125646810792e-109,0.32629437274684053,0.5163174668947855,0.35340921372059253,0.282087498279505
AI827431,221.42712687457188,2.2209789788144526e-109,0.29546214673249477,0.44949494402871354,0.19616211961650432,0.12126807647562306
BE218980,220.99414462985885,3.263648460247339e-109,0.5371652069851893,0.6618023333670218,0.4381195401867077,0.49824434726737266
AB020630,220.94330848752497,3.414586195735787e-109,0.4251219559836825,0.5176159141561653,0.3123974768763792,0.17663543320499184
NM_003874,220.28213784472015,6.149957275110565e-109,0.30235012073001455,0.45352931993420115,0.3943613563530176,0.33872243588746975
AI658534,219.71125112873563,1.022732158648505e-108,0.4417412237289849,0.3257055224905789,0.47342681304953904,0.422315203173216
AW592266,219.61390595385097,1.1154502479489437e-108,0.20397970732621884,0.34865300718081904,0.12437615852897212,0.11965125396327925
BE385892,219.15951672803544,1.6728666273017994e-108,0.4987201900520456,0.3944843050548296,0.5216609988115177,0.4724691537923591
AF063591,218.64194924635225,2.6553644239530816e-108,0.3668052701945972,0.4598912023261331,0.22852453448110288,0.16045357598814858
BE858808,218.35211073515936,3.440163192204053e-108,0.15897975190662259,0.3071624077935134,0.19839334830728722,0.19680652039688687
NM_018659,217.79364825597443,5.6679633768740885e-108,0.3831771189510318,0.09501963476591475,0.4594419219364423,0.40433145245147295
AL832898,216.32689155108898,2.108749230317276e-107,0.32652722014789265,0.10486107958158489,0.17804401750940874,0.1238899503423031
BC016356,215.3950544464906,4.867790989973302e-107,0.120732996392773,0.2578849441525114,0.11658708161243206,0.09790894062106692
T64884,214.51952417070646,1.0696878595098653e-106,0.2502537024775605,0.4939533358887781,0.3985197123444498,0.4280749503956285
N23651,213.61379098440213,2.418587595596108e-106,0.41709471257497477,0.4545069505708127,0.18479801026618667,0.10201183766083322
NM_018422,213.2860285134573,3.250294907148526e-106,0.3743125719035369,0.18840485430845227,0.15784019084216067,0.08247959217446489
X60592,213.1615366245666,3.636618549425421e-106,0.35867119778733736,0.4300961601331767,0.3597742502327559,0.3435943043509195
AA523537,211.75723182820587,1.2932319752261241e-105,0.2202246863087383,0.32278092538757164,0.1926755635140297,0.2020406148634678
AL049548,211.04090312278484,2.4733362964088977e-105,0.12239568666854037,0.12428583378042979,0.11640818458746263,0.44879813804182894
AW451197,210.9455556251711,2.696466486859755e-105,0.14394394464688293,0.12345837007909385,0.2037104957588452,0.435379279560821
AI073984,210.6479755168414,3.5311216076237705e-105,0.5488770673854635,0.7260730643815632,0.5335161260941613,0.43714271312536196
NM_003806,209.44259975460528,1.0543258492774127e-104,0.2970993068398173,0.38088603610102134,0.12515179632441775,0.1253722019840119
NM_001150,209.28138605621015,1.220656662970848e-104,0.2645679796883546,0.35058867892069656,0.43576069770504067,0.5320723604324252
AW409794,209.14558065980495,1.3810213270419489e-104,0.28741677755216527,0.13458538017106023,0.17623432412207243,0.15449120203942765
L03419,208.05962905916678,3.709812520240287e-104,0.18267806084536084,0.24441759345192415,0.37789571566456487,0.3782874068548513
AA187963,207.68784059260489,5.2056860989655225e-104,0.48208716282740643,0.37821858127911884,0.5070897817379769,0.455819251232369
NM_020993,207.38481447951835,6.862288221886347e-104,0.34340544995091377,0.20562722059241834,0.20377128031684616,0.1480085594298015
R42449,207.2960665727249,7.440873063899271e-104,0.24274171885410584,0.2716328229142141,0.39625046094915745,0.35552122391933627
BF339566,205.87120566701623,2.73429482169298e-103,0.3586965913381299,0.152575563611895,0.1885637296472426,0.13823837575740938
N90866,205.79781038392338,2.924160653482186e-103,0.6398117354635252,0.7709490262003388,0.5459136717630267,0.44429863954699306
NM_003465,205.60311781364723,3.4943093798279956e-103,0.12488140404670836,0.08438514541728492,0.10348896504604486,0.4213222535543664
AL022394,204.4950638113594,9.64233264145607e-103,0.35486163836348494,0.4355594482477204,0.27227004208685357,0.22732586223025658
AI628360,204.43262666373428,1.0210549652758803e-102,0.1718882517718258,0.13818315325210562,0.37803663472474663,0.2400213738167009
AK022852,204.35602613914867,1.09537045982603e-102,0.3487710534774382,0.18408801805872457,0.21242356622874278,0.23477655562550523
NM_001803,204.105547623755,1.378363284380694e-102,0.6345633390026355,0.7673299111394439,0.5423273635513588,0.4377729040245677
BC005008,203.9434246646545,1.5995081233483633e-102,0.38253315071652244,0.16839041006810304,0.37000685192985233,0.7206010901650717
AA149654,203.68233908273413,2.032814097066476e-102,0.33708651855998084,0.14199339633783964,0.18332276633915273,0.14867763125965766
NM_005356,203.3288833936784,2.8127073703034233e-102,0.3695068303581088,0.458279192196166,0.1966929916855934,0.14342857559406483
NM_018030,202.50253750043106,6.014511497536162e-102,0.2945354665808996,0.24437016704540218,0.3477444149452309,0.48810133615205453
AI498747,200.76501412960806,2.984875784439815e-101,0.16755138043209553,0.17005468161092913,0.2998664998503742,0.5095178769078366
NM_001924,200.53737859820794,3.6833633935032734e-101,0.5672247480908665,0.4306462627800205,0.6000724476019232,0.6595343947410583
AW576405,198.56214687059733,2.292412211677232e-100,0.30756608584741935,0.33253745179827704,0.14068578999735964,0.12815861066066941
M76742,198.27095683394228,3.003343498960149e-100,0.24211418594515655,0.21060343913513904,0.24255230486508939,0.5076498728851939
D12620,198.04587115344182,3.7010966549985224e-100,0.08693517577207495,0.05738171779026008,0.09315259291895518,0.30508991833343063
BG251521,197.9433416361832,4.070708435783641e-100,0.40055595071764166,0.5198398002340824,0.36469126617398245,0.3637581263170686
NM_013441,197.92537158472973,4.139198921102643e-100,0.1859512844666574,0.3331711760678875,0.19988851917632186,0.12027952144312307
BG289314,197.73828503675955,4.924617025684194e-100,0.08892993084069581,0.1468994506941283,0.221716966822468,0.28252550335817556
NM_023016,197.4948098830252,6.174642710526283e-100,0.1113857844547548,0.2666426099019463,0.13729952122102915,0.13156983566058927
U62325,196.61929579428516,1.3939588291281683e-99,0.15890424177632667,0.28755932340849355,0.10508177822418618,0.12807961501895862
AI809341,196.61155925278882,1.4040337204572673e-99,0.5686072435811025,0.723256877957517,0.6563763678769657,0.6469741020091745
AF176071,196.5667054559326,1.463899109952501e-99,0.24926197586085552,0.31342513051339843,0.3614434625967931,0.392832914757174
AF069506,196.4506800726971,1.6308928100530957e-99,0.4906828468921808,0.26727001625997354,0.30483782210238713,0.24203182410362148
NM_015310,195.87280604411495,2.794095913333131e-99,0.43631341160967124,0.2458764712231918,0.1963633340402916,0.12993822168818744
NM_000610,194.31559215986485,1.1956515059170316e-98,0.4657270390916308,0.5940350002377345,0.6394310360520731,0.524719484323679
AA603467,194.29313178536643,1.221025904140449e-98,0.1608561682525527,0.2825389626231595,0.3744796399690269,0.26244070675483977
M92650,194.26809114434946,1.2499520356230432e-98,0.11398121302759429,0.25795984892606866,0.12373883311966516,0.11025050104877279
AB011181,193.67487941460567,2.177345759170363e-98,0.27659343498109606,0.15532482691297803,0.13434385478945907,0.12606299096761747
NM_024563,193.45368511089745,2.6783891925966807e-98,0.22182969921353965,0.21313083545945372,0.3996644863996524,0.29275556982949724
AW575350,193.3756613100789,2.8814452531394335e-98,0.35300312608207035,0.46295431973058965,0.38511754044762847,0.3730485085831132
BC002792,192.389424650879,7.264079124402763e-98,0.2338392425415538,0.14972891327080157,0.06869246808953351,0.05952389905402478
AI524125,191.71693510610126,1.3659658745666334e-97,0.47257793021554967,0.5255268869080624,0.18760765779488056,0.16775422153431313
BE674703,190.82590646302927,3.157730854490366e-97,0.2039994396495744,0.2859243690527441,0.14038175224699806,0.11429558081422439
AA187563,190.57594415448605,3.995614082145346e-97,0.20035340193095147,0.2827017500304975,0.3311147257569699,0.30824868484985
NM_016382,190.37475585519192,4.829303106888809e-97,0.20497900915306513,0.27275157075391043,0.3590777615222949,0.3057665239239848
BG340548,189.1976488653003,1.4657259619086415e-96,0.29736132357577116,0.44376868327081453,0.2622225163758149,0.211029460761956
NM_018476,188.90936121195602,1.9244637014714665e-96,0.29801664193835825,0.21384903183403398,0.43812392189634913,0.6461968844713166
NM_001725,188.63113115971564,2.5032479130624863e-96,0.3989299983256112,0.2635340605575576,0.47947880888089595,0.7697341192600339
AI042377,188.27827719788078,3.494739956230841e-96,0.1722789112768999,0.30016852751814366,0.17935311415953858,0.17833066194556485
BF940043,187.5810720628902,6.7614179327755415e-96,0.08862303540755678,0.16933282759464993,0.27308586110081884,0.15906828633228012
NM_000591,187.3684550059147,8.270328030184459e-96,0.18368451253066712,0.4415059044469887,0.3363439485644523,0.4370093782280767
AL552534,187.02167633698645,1.148916984300167e-95,0.36918718696768404,0.4969137236790315,0.5316590725331919,0.4479650141194809
NM_018639,186.7552427265189,1.4792541780380748e-95,0.4595335330643238,0.5591517821394442,0.458020284018164,0.5124280099258867
AF098641,186.6507205559874,1.6334846596495476e-95,0.3470887904474085,0.4651146123680887,0.49554959154082645,0.4055557223253472
AL035689,186.50582231297292,1.874305260030319e-95,0.522044166033968,0.5255774884535793,0.6372507826827379,0.599165908125944
AI523594,186.36088645695202,2.150789973385394e-95,0.06862442843389586,0.16609031287560297,0.05470833402572758,0.05106777487712542
AB029031,186.153941025282,2.6178926512748304e-95,0.43651822783531397,0.5214832122064341,0.43833580317432314,0.4382839480111766
AL136944,185.7530969179861,3.831569029705748e-95,0.32555135213898134,0.30656065642519337,0.49221670418861774,0.5798839760381121
AI346350,185.04286325583334,7.530131528156538e-95,0.3748232529866039,0.25288761117130143,0.36401357208940305,0.4014375833577889
U41813,184.6783972151564,1.0654585703631635e-94,0.19299393143652246,0.11751570472423037,0.47563225953524446,0.35392942088981016
NM_031301,184.63531588955817,1.1100972782803182e-94,0.20753679510821169,0.31115878225630345,0.2618515904746399,0.31249891117561696
NM_004233,184.43677720911103,1.341293756621721e-94,0.46375931027012135,0.6756637555385944,0.5059931293303864,0.4801191937091739
NM_003064,184.22805057783842,1.6365807174495235e-94,0.3281887828312609,0.25218321441157965,0.3905989901680891,0.6551957761132439
AI953847,184.01111566876338,2.0127355516547941e-94,0.30367161193435344,0.46482913158362427,0.3790549637626581,0.48568081855773926
BG260658,183.5771626945181,3.045331594936665e-94,0.41872882815676,0.5227027812084568,0.4174376029796638,0.47762040482010937
NM_014575,183.56973251451808,3.0670107175388e-94,0.40265549267343154,0.1497780436351267,0.36772028665540285,0.21387175357965535
BF686442,183.2590045027474,4.126575416645884e-94,0.8691112724466061,0.8156312890193633,0.8249313520550264,0.7478920013405556
L25259,183.0480701938507,5.048003899971089e-94,0.238717565011797,0.474671237013511,0.35565576511743235,0.3117056769687076
AI817942,182.51172364504106,8.430380347303453e-94,0.41074031936602856,0.44275300852357086,0.2851578771691146,0.24047550974890253
Y00062,181.58211282671562,2.0532516639999877e-93,0.6050433882879555,0.7420732801473593,0.6933047483867244,0.6817599687465401
AI888256,181.31467436291936,2.653337156722966e-93,0.12342880974489549,0.106681130946327,0.18685984517291832,0.35048898430757747
AF327443,180.65602746211732,4.992020111301057e-93,0.40351581300070527,0.5274001385089214,0.44605544934244934,0.5090330575787744
NM_000291,179.63281540805244,1.334743686502299e-92,0.5678514647852937,0.5152575512601354,0.5962218626579886,0.5866460626901582
AA811540,178.4897142151825,4.014109143319006e-92,0.42890937015448416,0.5073078101194357,0.29154151475151224,0.2986938135568486
BG776483,178.0522789187025,6.121636794364415e-92,0.31681250407650996,0.10505175906064515,0.12678176839926536,0.08081057126265626
M58664,177.4521840179983,1.0928406338579277e-91,0.6286813515247008,0.485583598477931,0.4235731697992824,0.6972392000431238
NM_018728,176.85215884392167,1.952168083240786e-91,0.44670243277598964,0.33505697560964254,0.3487139904893326,0.25311803817749023
AL136932,176.38706944160802,3.0621249660727934e-91,0.48106387233652104,0.5324091247365444,0.39971046828110396,0.45543080984159956
AA150107,176.3222063969995,3.2606428386975483e-91,0.052775114793928525,0.18445525211301728,0.07665585791909567,0.06290589167119197
NM_004726,175.98085849980706,4.5386490254387664e-91,0.1729358040018503,0.23020943446784334,0.2864405299728947,0.3507840338834496
AI246769,175.96909232973692,4.59070093338708e-91,0.13348676715208507,0.06929981158034412,0.39446069600046085,0.22837389624396034
BE669553,175.67310793228748,6.11642378798047e-91,0.07695108517596431,0.21967145089425527,0.0898236225772258,0.06589623934827574
U65932,175.58455873952173,6.664902643961827e-91,0.4344465850997682,0.26055393990459325,0.30533334557764263,0.2348306581031445
NM_014164,174.96258963091117,1.218844329820271e-90,0.5708101296780306,0.6441718943511383,0.6450199316679736,0.6080069389454155
BC001872,174.4692811262456,1.968362445880585e-90,0.5841017152362187,0.7495829527765386,0.4625052355722696,0.3370341652527799
AW139915,174.4689827841509,1.968933378086504e-90,0.07102089090413766,0.102449521573677,0.2053364752483797,0.10453104810399369
AF001362,173.8278003131349,3.673601713735591e-90,0.3025550898164511,0.4080930968377158,0.34673886960698475,0.37299308319424473
N39230,173.43473898899836,5.386526364844701e-90,0.15509291419357812,0.15437004570986776,0.29299642465345505,0.4949586897395379
NM_003037,173.11186470809244,7.378072984295584e-90,0.20817084229816127,0.3539808639619924,0.20334823813709774,0.18299650894694558
NM_003088,172.79989249457094,1.0001095928523133e-89,0.23661636819618698,0.13639359529825706,0.3131273803138084,0.1745168261749801
AW337833,172.699540045517,1.1029591168204461e-89,0.4530804835670038,0.2343506291823045,0.4171953473370595,0.6952343777168629
J04152,172.53361423618244,1.2967866787294977e-89,0.1696663752225988,0.11177744249369212,0.20758579472525604,0.5279450614091962
NM_002424,172.20679392043428,1.7841170215948492e-89,0.303705030287522,0.11710747564997416,0.2681304024684638,0.5814644888389944
M12423,171.98384182747319,2.2181739593271296e-89,0.30031925641478746,0.3973388707084495,0.22012582082112941,0.2139058459636777
NM_002286,171.37775088958227,4.0114625120682634e-89,0.13530307599031494,0.26893213824349366,0.14214548042065786,0.1016794304298453
M25532,170.87600215155044,6.554662741441555e-89,0.13170691333185677,0.09341772333502707,0.12693726151442367,0.3927487549263725
AF355799,170.7112526984996,7.702244451449065e-89,0.1830714800407888,0.13028231440190588,0.16171902825816714,0.4314075079421664
NM_003914,170.50492726906882,9.42755458407438e-89,0.19430275209709455,0.1378390216091766,0.382776150023311,0.28325829325720336
D43967,170.43345415695552,1.011150989118544e-88,0.38351415176320514,0.27262477281224373,0.4575284409267893,0.34685852430587594
AF247167,170.39560836602132,1.0493585229081474e-88,0.1522793854654066,0.24960357719592213,0.07924194520535059,0.08336848873904967
AW771190,169.377407562746,2.8493852638115094e-88,0.146845195682745,0.28038442689721094,0.1554833893185837,0.11562549197223297
NM_005652,169.21196942480094,3.3521545732620623e-88,0.4772561276587871,0.348801102190581,0.3321885395258781,0.28606687884691145
NM_005561,168.58147258120252,6.230153851771127e-88,0.6682227304495802,0.6898799790108757,0.7308297451831951,0.6925470163655834
D12502,168.33379240760505,7.949384428325761e-88,0.21089700704286682,0.1895753912753446,0.20623238857270215,0.4458019296790278
AK026768,167.8719512575334,1.2526271470612742e-87,0.11282586268952478,0.16807216603725458,0.12383901437831475,0.3939607547119606
AF052145,167.44976403299637,1.8989580964765956e-87,0.11278069058407543,0.2779519275215922,0.23401855732448373,0.17689015906910566
J03223,167.11929768336236,2.6306368469273883e-87,0.6521719299393509,0.6939116233511816,0.8099399197426288,0.8510839634163435
AK002054,166.96912671451122,3.0507987812089263e-87,0.1336438572247846,0.2571745878674939,0.1496007958543034,0.13208895577334384
AI821801,166.73384615894383,3.8483771088349033e-87,0.1655832978804946,0.18180260390734873,0.18858695985452215,0.3910556570735089
BC003169,166.2249148605687,6.362383309036689e-87,0.41880969002569485,0.47808424669479016,0.352099333857168,0.575185380702795
BG547864,165.98717033082204,8.048123188308794e-87,0.36656669740577935,0.23710510969743576,0.1985923720212066,0.23342991100494265
AI978623,165.3701681360092,1.4819470941974696e-86,0.16850849938869408,0.11019459719089827,0.31858679843551924,0.19582487989303682
BF346014,165.08750637610473,1.9606916771447156e-86,0.22528599620873638,0.32319348365194184,0.25541845813451575,0.22043142415756403
AI701430,164.81538851425307,2.567538595648683e-86,0.41869466738143096,0.466682483375324,0.37354253209286625,0.32248750294363776
M33326,164.65452886317323,3.0114420616253847e-86,0.43643654631173084,0.23101549563764395,0.43956658431122275,0.7603869895602382
AW293939,164.15520866740562,4.941965727028222e-86,0.21763144335773596,0.2531136820084939,0.3177014147203256,0.4018857915734136
AK000168,164.03670812005967,5.55886638852176e-86,0.7474763832918001,0.6046562969433105,0.5364804764781944,0.7880229755889537
NM_001925,163.78308094263187,7.151026969962269e-86,0.5423012375276228,0.3132976891889477,0.5543066260009888,0.8281049548193465
BE903880,163.42382764774098,1.0218828780295239e-85,0.6046902170285172,0.7138162650136505,0.7440455646366461,0.6302107946817265
M15565,163.36251773844353,1.0861011193454242e-85,0.301923133041966,0.4020112810758599,0.2150156815112333,0.20564568025428198
BE672557,162.97328559345175,1.599519954886335e-85,0.35703433175152594,0.3000629308794621,0.23501571832797294,0.1059059863693492
BC000149,162.93394702073502,1.6633684237205127e-85,0.38689268708502483,0.3071641981413093,0.4142930729147989,0.4181068955465805
BC000354,162.01976936036402,4.1343200876825304e-85,0.8620631774084284,0.8611433498467072,0.8420518488271691,0.7782575377198153
NM_024426,161.91642765887212,4.582999377955248e-85,0.20925152543163217,0.06701587632549966,0.3236662948446109,0.09341459217762883
NM_006089,161.72047339191917,5.572135182225345e-85,0.4451647848916163,0.3303524729823261,0.415925664428607,0.40098106583883597
BC005319,161.58153028661465,6.400611107758377e-85,0.2933305868170856,0.08706789540091554,0.37371737416471257,0.45260924048895057
NM_004130,161.42445070673656,7.48686290825748e-85,0.4138249724317308,0.4085998748299442,0.5058668144482119,0.6367056744043219
BF447037,161.40100743641,7.664116506553868e-85,0.3598179866158224,0.5084537514151402,0.3525862820403005,0.2734249216439419
U00179,161.27348883967062,8.704575084467916e-85,0.29363066835730517,0.10459946407563202,0.3739083493019704,0.43296704683886017
AL136552,161.16589492255036,9.691834656483217e-85,0.23827790274976865,0.314962355019171,0.21032268030329787,0.2167266336984413
BF002844,160.70942503970292,1.529220728123597e-84,0.12426764574841762,0.26483256585172965,0.14277154863141625,0.12315718023929491
NM_002460,160.3912948828711,2.101929016493541e-84,0.3162787019300762,0.400612222934574,0.23908789269626138,0.20657940520796664
AB083211,160.33941826758294,2.213879653335065e-84,0.3221642453941183,0.3594210405955838,0.2145499256856247,0.18314493222292078
NM_000608,160.2204676816342,2.493658433185032e-84,0.07914926787280828,0.057131798176550716,0.0704173329086967,0.2771510992978895
NM_014278,160.00076163659412,3.106923164814015e-84,0.09064389116807904,0.08771070783450917,0.14146324843331332,0.2809724274069765
AL390736,159.13549078614454,7.393227685766183e-84,0.3377219420780829,0.1383367070617775,0.22395540283202894,0.5674623646015344
U08839,158.81743946308242,1.0171755271620847e-83,0.40602540207702087,0.49045646668486453,0.5635003670180354,0.648761207281157
BG200452,158.63305797135055,1.223953517850394e-83,0.46843949423402276,0.5254197062822333,0.3049994413432908,0.3224184405665065
NM_000045,157.95168251610653,2.426785306367825e-83,0.43749552866050956,0.30488562467606256,0.4739603240492279,0.765192778997643
NM_000690,157.7470004221298,2.9813336390172554e-83,0.4101543982914828,0.518202271516816,0.5143880386064953,0.6380671941956808
L14611,157.5528857381573,3.624183987998024e-83,0.2722785514565783,0.43736104950120175,0.27526703972644845,0.25078825479330025
NM_006061,157.48606334364945,3.876231455224016e-83,0.33303976265837465,0.1441016455990447,0.23797593121543706,0.7204879397569701
X69397,157.33502825649495,4.5125555271344525e-83,0.5260872752021212,0.4342276211906586,0.3235285387370838,0.6463704649792161
NM_005091,157.26397097636777,4.847152414490045e-83,0.31577225759787775,0.17298860208009553,0.30464923772272373,0.6767741254595823
AA761181,157.2410747255293,4.960177347106669e-83,0.741929492648315,0.6109540071417008,0.5417737585532294,0.7785375936086788
NM_007053,157.1163527289261,5.6238736843262506e-83,0.19907123846676922,0.2987221287649895,0.2001368110629835,0.18762636479250228
NM_001750,157.0381978514324,6.084406839487766e-83,0.4509698266009672,0.5703780902588921,0.49970615814632013,0.5510482115800991
AI634866,156.6430695198706,9.059842855080855e-83,0.4999344431273981,0.36736912641847186,0.5158846072765639,0.5878167083097059
BF031714,156.51559020951055,1.0302294358346492e-82,0.22741015934291375,0.11366162358347,0.21459417853229013,0.3862858005734377
NM_002115,156.15075084698995,1.4885049503444915e-82,0.14044058161313483,0.2167237009558403,0.26207061377190893,0.5742855591829434
D89788,156.14446045846873,1.4979827811634897e-82,0.3284938972990174,0.24394845390370126,0.36320242784366535,0.32419174840283943
U00178,155.99368570261268,1.744171683239776e-82,0.3059917404017317,0.11944409295767233,0.386103993426675,0.4650658074506495
AF024540,155.91398496198713,1.8902936314484747e-82,0.33141161202359093,0.38909656664490194,0.28376257390595594,0.2137568295001984
BE220026,155.90114303402817,1.9149594829241157e-82,0.6157507185200486,0.5869970969258481,0.5225007113083792,0.382223563831906
W92748,155.46174527100905,2.9846696092620075e-82,0.30974682341778326,0.0808916678219908,0.09932035469116665,0.1815432947735454
AU151342,155.4070066685118,3.154416428101136e-82,0.19842586409217258,0.2189810603448359,0.29041250437092225,0.5363083301588547
AF054818,155.32747336562562,3.4184413899129333e-82,0.10677933857075059,0.19032280232053925,0.14575099711580897,0.12062271094209584
NM_012331,154.98150411016184,4.850088213541571e-82,0.43356492831756216,0.3890438101525548,0.46184881344611545,0.5695520480011784
NM_006464,154.9322447255589,5.0978755384192085e-82,0.3230081942923572,0.3786695277640588,0.36087474000825026,0.37100573958352556
L34703,154.249498225306,1.0175303231567266e-81,0.3112815598521484,0.4030273204299971,0.2446718371331924,0.2342507747370145
L20433,154.241172424826,1.0261486826537885e-81,0.3654971449185214,0.08653231073988264,0.17010413939658742,0.08011527197045637
NM_000896,153.61787992563728,1.9302248863782911e-81,0.24757734885590937,0.20248462550955112,0.23448202865567885,0.625404498604841
AL832770,153.55416751859832,2.0590963548391673e-81,0.08374527674499438,0.049703294799843895,0.26925466702580597,0.11811649457140029
NM_004664,152.89677168972142,4.0134043336531017e-81,0.1459354879334569,0.1761094393122171,0.2238560810536581,0.4353779921698015
R49295,152.64347306668296,5.191522460107862e-81,0.30316297413990617,0.31549459714088823,0.06854001829737673,0.05863272941801262
AW052179,151.84588999720884,1.1685796767789171e-80,0.06987723731756246,0.07641793134030866,0.22186620017071532,0.06633920272335757
NM_000417,151.82542991139755,1.1931776378940828e-80,0.16557319594468123,0.3383292444207498,0.16296988626369474,0.1548119923749636
NM_002838,151.68526463456396,1.3762330697052718e-80,0.4978858950898188,0.6456230732962049,0.58815015440785,0.5802214415960535
BF792917,151.51551305880153,1.6360158344637983e-80,0.17010078300858653,0.13386560244022042,0.3719437529227845,0.2872459690931232
NM_001908,151.29831793682052,2.0413159867042854e-80,0.5021254122940773,0.542950148823895,0.6188443391239596,0.5420221249724544
AI695695,151.02511466864283,2.697008132394696e-80,0.46525255903396584,0.3641166750828928,0.3551305268242491,0.15646388572315842
NM_006889,150.96858817106633,2.8570664432489982e-80,0.16252987828840498,0.2949374227741348,0.2355467863815768,0.18474041237387553
U07236,150.84591800152913,3.2379234957939338e-80,0.24445607493217145,0.32019520209874286,0.10792268040238477,0.11100136285084625
AI972498,150.69854946742558,3.7633391296776274e-80,0.24363033305810888,0.27284424005760044,0.331852387491947,0.5732966030752936
NM_006227,150.5908622805731,4.200567720091128e-80,0.16386504044517056,0.14416666207088452,0.2588176365637362,0.2317966496528582
NM_021077,150.3948680178907,5.131144941065972e-80,0.2219505043478187,0.3067564490538106,0.308159081272578,0.27299321321553965
AF329838,150.3837967924575,5.1894874688302905e-80,0.310331472130535,0.09959267438900216,0.36444929218398053,0.11788351305348929
NM_005564,150.36937518837354,5.266483718671027e-80,0.4913980176997021,0.29086055743354783,0.38506630225404226,0.8028914471005284
NM_003123,149.77360215588914,9.68116491475049e-80,0.26643687947183303,0.24965418202464593,0.34232727800593765,0.3572315469730732
L33930,149.47033222390664,1.3202231677074902e-79,0.6555447520927415,0.5347928349164468,0.4603824295712352,0.7158810593361078
L00692,149.04921222566745,2.0317083441428094e-79,0.18754797339131807,0.19224615904349315,0.1916543785120263,0.4171886929245882
NM_012198,149.0245467677765,2.0836838905864866e-79,0.39291379978418894,0.4164061360218354,0.48565585354654706,0.6415943018225736
X76775,148.93314036536827,2.288187855660579e-79,0.5472225343312965,0.6853787370874912,0.5246598167410157,0.4316644301248152
AF169963,148.86645228961933,2.449972027319978e-79,0.09012897472525308,0.21376789066516147,0.08183866698459762,0.08205693351581345
NM_018154,148.7961584492099,2.6329298226048034e-79,0.29108003048448394,0.18008899778316292,0.2751901172652319,0.3293491917294127
NM_016542,148.74345209294717,2.779039358918174e-79,0.6309974367192032,0.5686590226390694,0.6444034439580449,0.6165594042733659
M28590,147.86075693338952,6.872257028680164e-79,0.18282864661299872,0.24583799272671514,0.1701578657017796,0.14364081693185107
NM_017935,147.33057720461542,1.1847447969065825e-78,0.4633594064144503,0.5347552549738421,0.3055845206886066,0.31497274443160655
S36219,147.18740774041538,1.3725918232779367e-78,0.20636044762528782,0.23835911824198966,0.3300378905746955,0.3056515132965044
AL582836,146.87940446779027,1.884134748119016e-78,0.22931911311285366,0.35517886092391193,0.10535617579582807,0.09101737864575418
NM_000419,145.99268801030607,4.695338138729503e-78,0.14057975710081813,0.20439428931400808,0.24334039995791065,0.32253035944128455
AV733308,145.34985552730845,9.112096910470021e-78,0.3868326171079155,0.16596694771624818,0.26365356350948144,0.27619217110927724
NM_000483,145.25571006774032,1.004206292928082e-77,0.06041751590150475,0.06542007661845048,0.2473821779984822,0.06773177079509858
X60502,145.1143024174516,1.162065520197222e-77,0.26044608078418524,0.24714338875332467,0.33738387226768507,0.3538666901200317
H09657,144.9915328191733,1.3191565766897151e-77,0.30597050215647376,0.2940069706442487,0.1915885890083902,0.12674876124879653
R15072,144.9664064007312,1.3538421880210243e-77,0.274776873631625,0.1439985518976417,0.14877307692593408,0.3359330837116685
BF435123,144.75720093636804,1.6805089159716818e-77,0.34251705917247804,0.3029362514746702,0.244780003873211,0.12253549116728607
U07000,144.41306481366234,2.398552110860281e-77,0.27273630306398106,0.1698371473432594,0.2490480629444586,0.1590447605176028
NM_001431,144.00303700500007,3.665967951327874e-77,0.38256490415970396,0.20575784046187182,0.33486977550799046,0.29371533646833076
NM_018434,143.38961347862832,6.920234520481483e-77,0.45929035171439203,0.48930415039575553,0.5911129235293615,0.5460822956506596
NM_005582,143.21606156015596,8.28426284761328e-77,0.12965257402131372,0.31852874611720505,0.21551227360440178,0.0904640570976014
AF143887,142.95025764308804,1.091376876529932e-76,0.21306879047748695,0.29177949366941736,0.20175616306901448,0.2122583321707194
AA595465,142.73806376113865,1.3601843269780605e-76,0.07868803354031449,0.17446326983715352,0.07292489950356694,0.05594865797997212
T81422,142.4982174702174,1.744753717465207e-76,0.3227504279289326,0.18674182584548552,0.33659744132237673,0.42081792202106744
AA382702,142.3648439197576,2.0039664660757984e-76,0.463676706024813,0.5324115622395704,0.4823687189052077,0.4507450170295183
NM_002012,142.14306210247335,2.5232483596915112e-76,0.3684853219615142,0.23588496487477661,0.25239273575986176,0.25820391781108326
X74039,141.78747141049607,3.65177438811756e-76,0.2262882265014523,0.2718271494917729,0.30136876472123403,0.35830077321030374
U25677,141.46996539090478,5.081082536011863e-76,0.4895625579418666,0.5925904462420488,0.7246941977437832,0.7871722149294477
BG236289,141.076428370056,7.654119204328755e-76,0.28971927534412906,0.3950602600846109,0.36440025487414596,0.3768892198107963
NM_003226,140.91344596403036,9.070517529974168e-76,0.20991335103049055,0.1850315139782203,0.20366167100255134,0.4144336317860803
AF225986,140.4492457775897,1.4715921094611676e-75,0.2590775078716859,0.05168237552471176,0.07110442855967944,0.05542781022052432
AI978754,140.28383911919104,1.7487260560512707e-75,0.5215542672475407,0.4916765381766774,0.4230692583763182,0.28405573998772826
BQ188678,140.00855987876292,2.330722991349661e-75,0.2984939946006949,0.2703841840730438,0.12979625832245975,0.103971789612673
AW006185,139.98435279621512,2.390374320764937e-75,0.25068617508310925,0.4165816416154431,0.24293196041876242,0.20343428178755354
BE302305,139.9513075155748,2.474282256211714e-75,0.523047619319837,0.5320126482203037,0.35014665126800537,0.3611065748819085
AL039870,139.91160337511144,2.5790111358071634e-75,0.4093170515987851,0.40549034348645796,0.2853300160355141,0.2867114959761154
X16354,138.9581146622843,6.986774209425173e-75,0.25982391033663393,0.2532217902630442,0.21972979511703267,0.5727396018283312
NM_001012,138.66768847224984,9.46864678230078e-75,0.86753571019807,0.877722722317096,0.8526435691558897,0.7701623661573543
AI620911,138.60841650811784,1.0074875736398724e-74,0.5987654173866325,0.6179044696852125,0.7146503533370764,0.6663051580273828
NM_018265,138.3264161960821,1.3536805369792667e-74,0.13531991520067763,0.14089349151160646,0.1840155452312286,0.349306920933169
AA236463,137.9737988869649,1.958955036670495e-74,0.16144190332638697,0.2805162209404421,0.13526481123286002,0.1358267182354317
AI654091,137.8867797015329,2.1461178641939542e-74,0.20368283591660405,0.29829117278509504,0.2221899146815682,0.18053124845027924
NM_018404,137.0630096712026,5.095325296541703e-74,0.2605249202434281,0.35290664937425764,0.2826667908535626,0.22889755111794136
NM_014713,136.9951619451654,5.471800476363043e-74,0.6557127692557256,0.6840351749573076,0.717809128390212,0.6371190936066385
AV711904,135.97114836797485,1.606681257176148e-73,0.6822256012520659,0.7568547706815261,0.8405706773472204,0.8471618779869965
NM_002398,135.93448547931848,1.669927437849569e-73,0.14480575350852293,0.13942863752491746,0.32465803865270854,0.22934027466663104
BF445012,135.87664040544166,1.7748265061645003e-73,0.12138218058320192,0.1279731318354607,0.11620724712886238,0.3113980575702911
U65585,135.77254030349167,1.9805215430168482e-73,0.6594315795313328,0.8074662363478906,0.6466801907533801,0.5233714379543482
AF127765,135.5988984275704,2.3781597592664786e-73,0.2351039393843417,0.30303923383292264,0.1750748582213306,0.40536188594130584
BF793888,134.10275361142862,1.1538275209581375e-72,0.36466199497974244,0.4167704850058012,0.3494617602704564,0.32317038330920905
NM_003489,133.78214166987092,1.619621045238567e-72,0.5690255246355856,0.4088066331256291,0.48738073177838603,0.45582347137983453
BC006471,133.72472704425297,1.721066047240779e-72,0.49332286150903876,0.38396168239257505,0.4159885856543997,0.28763692323551615
AF257135,133.60870854565303,1.9459081184810888e-72,0.6032756522571275,0.4385449162641155,0.5387151153750921,0.5241765428421108
NM_014207,133.4197589031981,2.3768224009147316e-72,0.17500547611863787,0.258964115337229,0.16353696625288358,0.12890918046062774
BE464323,133.08489428047244,3.388807441979337e-72,0.19244250866644294,0.2694242733298852,0.1704881151391607,0.11891092000485849
NM_004815,132.88809458331065,4.174787643207161e-72,0.28476523031339634,0.11996657688382875,0.13699372347574756,0.16388798598200083
NM_002125,132.20921563439205,8.578715302361575e-72,0.6484762544000368,0.7945569688257789,0.6399041886227604,0.5134558150934618
AK026589,131.9977053288038,1.0739112110408182e-71,0.46448571658735976,0.44273807906903295,0.3858766382132523,0.2707910714454429
BC006236,131.51731996094858,1.7893021490964848e-71,0.18100965260730953,0.24579652155187567,0.3127924645979117,0.44574599210606064
R62432,131.47123520823115,1.879168320463645e-71,0.08254655899609217,0.11076986725601264,0.18636991883037388,0.22005278998336128
AY029180,131.164305955639,2.6047173627839967e-71,0.3101253678526627,0.3944302688545316,0.4817462200842479,0.5685966201992922
AI698128,131.13589467775356,2.6846694874890497e-71,0.19850968597980148,0.2595365743176375,0.04771771808635038,0.05751948201010913
AB011116,130.95589415474456,3.2515967197511413e-71,0.40421426952432055,0.44551658127378313,0.4523246523703119,0.47326092318046914
M80927,130.33002250768118,6.333776342527907e-71,0.26695185907317515,0.15523489691879022,0.25915430800206524,0.6547214472016623
M81104,129.79899716123438,1.1159841886927049e-70,0.3251473614604238,0.1580168590586208,0.31285582118982935,0.22579768369364198
AB002438,129.5277150615829,1.4908664299944136e-70,0.240137974132192,0.0790599163440901,0.0755808734523444,0.11988980777908201
AB042278,129.36725789504348,1.7695804929855733e-70,0.755358097203281,0.7074030750914465,0.7564495945718965,0.6499833977499674
NM_001754,128.66036527000577,3.7678175758721614e-70,0.3265870362691103,0.2534104098294732,0.3586831470291902,0.3302199694999429
NM_004084,128.64488070159948,3.8307627260466007e-70,0.8406760737026503,0.6093602592306298,0.7778662246314932,0.972476907940798
BF966021,128.6444802763187,3.8324043662972e-70,0.07282382352576686,0.22434536267842173,0.09396899151090345,0.08056691141669137
NM_021727,127.49301010504558,1.315904287941775e-69,0.40502339675210824,0.3665592317088245,0.2742235327668575,0.23080157332642134
NM_018292,127.03376472622675,2.1541670266703027e-69,0.4263212404666691,0.4573477152656402,0.3380904080570904,0.2923619164976963
NM_080923,126.95490558146673,2.34453937314311e-69,0.24869646511463572,0.4101273875825013,0.2739340201326454,0.3205942185812217
AK024890,126.8695434856049,2.569660317650682e-69,0.2274249380138284,0.3009635825496057,0.18066002437228823,0.17166005586122357
AI479176,126.73396024899107,2.972593727172106e-69,0.22087980223682904,0.1308847209870941,0.30462641153731,0.3496081709515217
M13231,126.32983812819022,4.589879212309276e-69,0.3537585894756634,0.3461052335893052,0.4882002562168507,0.5897485211838125
BF983379,126.24305819833693,5.038910778135326e-69,0.3600990801981283,0.3283891800460937,0.39499553884397687,0.5701674652654071
NM_016303,126.20293983823423,5.261127307586258e-69,0.24315993992479334,0.12824412445117275,0.35369292854653955,0.37648292786853266
BF057073,126.08577435416412,5.967942708855661e-69,0.17030577111450973,0.1565051350785805,0.2834665141872888,0.19909494734087663
NM_021983,125.5429157860114,1.0706840205649107e-68,0.6542225873114866,0.7828521756180228,0.6357182400003946,0.5137374810008115
NM_002112,125.39673197599646,1.2533368443156446e-68,0.1445939887481648,0.21413673241996067,0.2559486955969598,0.41419808947762776
NM_018071,125.39444103877725,1.2564349920394925e-68,0.13231165894764313,0.13961081324098043,0.24936186654877338,0.18013758359606877
M27331,125.21962443438578,1.5169616665044851e-68,0.38135049601487064,0.3710979466259731,0.5305260856733712,0.6238779585028803
NM_004994,125.14605997747996,1.6421802091506259e-68,0.46738825743556567,0.3749121623703196,0.4381890732954448,0.7687871774961782
AA045184,125.13197223124169,1.6673162125893657e-68,0.4367503530320224,0.21684162180383504,0.2679903079766477,0.2263322268114534
NM_001785,125.10880371570912,1.709495721486001e-68,0.20309987427653967,0.2203492019227254,0.30071635807389646,0.6125608890555626
BC034471,124.59148430182314,2.9872986884126454e-68,0.266287211997332,0.17750776547718525,0.15621010274970584,0.20717249897330306
AI694073,124.54341480060174,3.1464266985621395e-68,0.1801605295756225,0.1234258977408454,0.14713097339249598,0.5609253409296967
NM_152891,124.4921234596185,3.325599139497566e-68,0.19493775424726925,0.1958886376083023,0.2127166074784002,0.41674295137094897
NM_000632,124.47086610890065,3.4028202226851902e-68,0.38599863077659124,0.4679759295680855,0.47471155748061167,0.656126903933148
AA564926,124.43988383537993,3.518598144919375e-68,0.13659492791406044,0.24011454999226808,0.2512447580637171,0.20690368436450185
AB037847,124.4228853141367,3.583788628986433e-68,0.41388273068250864,0.4120661792372853,0.36292070875140015,0.29361637317857087
R94644,124.42108764558704,3.5907531881445433e-68,0.15415187288100254,0.3746892629654976,0.3383243701534875,0.3875748729983041
AI743612,124.31173546301804,4.0409339549175624e-68,0.34514133027250615,0.2567855036082651,0.2653836912189244,0.25397701526797095
NM_004356,123.92376556956512,6.145757966669992e-68,0.6316804171565475,0.5986612341071986,0.5703683112845811,0.4961663096450095
M30894,123.27158646052897,1.2445972483273636e-67,0.3485937030567283,0.341226102933602,0.47555675029986566,0.5735952493756317
AL355743,122.8438224552289,1.9782101593885214e-67,0.17459795033183256,0.2629351928704398,0.3200268487406148,0.2938149155572404
M16768,122.51888482312299,2.8136410561402756e-67,0.3448254500404684,0.33428532954006757,0.4781379960912211,0.584944968306741
NM_000607,122.24772991039282,3.775948524179151e-67,0.23558296421700298,0.17360499366098142,0.2082604924225926,0.5330728020432384
AC004770,122.05338718321485,4.662727183489276e-67,0.3446820703785815,0.3145907026114343,0.2083785866934386,0.1559420134439025
D43968,121.97336271036134,5.085988534672673e-67,0.46882059387520914,0.3375710735121105,0.45046730884550146,0.3826387029054553
K03122,121.49028134951598,8.596351828570602e-67,0.21059416754410498,0.3507919539756413,0.2219770649875649,0.20978468760501512
NM_000074,121.07818024750891,1.3457220083438545e-66,0.13003927585028047,0.23021481304040445,0.13520328860715441,0.18593392759388275
BG327863,120.8685729611852,1.6905361304714377e-66,0.6162525021274565,0.5499580569470985,0.4276677518793118,0.7132624893687493
AA715041,120.7789632714721,1.8637679888954063e-66,0.4512004476689964,0.48994094799842514,0.40638435147847646,0.3416396296301553
AJ297586,120.72552502633108,1.975429068495919e-66,0.6188103943516355,0.7667532616023776,0.605320724125966,0.4933057115521542
NM_002414,120.56967771198177,2.3408570549953914e-66,0.7120726118120578,0.624157170454661,0.6983611032888584,0.5053875460181125
NM_000407,120.55463660371827,2.379526087851766e-66,0.08529799403793635,0.16773582186612776,0.18920764419819136,0.28333322383290116
NM_002000,120.26653327387265,3.2571004712336233e-66,0.1528709409213753,0.17392979940706038,0.1968054636472162,0.4570468244857566
N22859,120.07263764314457,4.023822530118321e-66,0.2526974565084648,0.24963939675613295,0.13722923730684858,0.1392702194104015
NM_007203,119.3652782504837,8.707710868420549e-66,0.509436036161053,0.5866479740364139,0.4231761022242591,0.3677977961163188
NM_006017,119.15455263405003,1.0961844276749152e-65,0.30520482051267434,0.11420111324370914,0.38907134446681474,0.19424599193599687
NM_000072,119.13402822351685,1.1210475624796247e-65,0.27037089004463283,0.3410925218198873,0.4319712301346578,0.42396907335103945
AI559701,118.50574452780565,2.2284847645163883e-65,0.26479057199535294,0.41188288844713183,0.37653950364455757,0.5624397930710816
AF085861,118.03960898100861,3.712438506823135e-65,0.1611504573628644,0.21471712000094328,0.06056086393254392,0.0483106948370331
NM_002145,117.60010688782127,6.009757768347947e-65,0.151312613693694,0.27671712681745425,0.33412540945539737,0.21794780374093115
AB017644,117.48738851701125,6.800530974425146e-65,0.46925434764953106,0.5881751461371088,0.6021221693213812,0.5561970139658728
AF026199,117.2007194692134,9.314074699190808e-65,0.24915823080670943,0.3381428479488137,0.25415951487561145,0.24140227222165397
NM_006237,116.67209640201843,1.6644006759913386e-64,0.3649585707275487,0.16807208593761877,0.21759875383271549,0.15488805500573893
AW966434,116.48080304494559,2.0538373213145592e-64,0.13441541185495745,0.19965510436565567,0.08846937464948759,0.07743480001023945
NM_022367,116.20440099433523,2.7833496144842515e-64,0.23883834950318306,0.3170215650324077,0.31375809795864595,0.4403895056524943
AW299226,115.73060815183395,4.6884465192154105e-64,0.23033807820580696,0.2707039372296021,0.38537303888844143,0.4218450202498325
BC000940,115.46189074622067,6.303427272597485e-64,0.3729135117262875,0.43357839098962553,0.39875490801111735,0.4080942183039909
NM_000480,114.90773875268702,1.1612229890651257e-63,0.3826678794116602,0.38675218405602857,0.40592807606732334,0.578430638756863
D84109,114.7646216916421,1.359868305702623e-63,0.05043506781130585,0.0472256106561254,0.1616529982830561,0.04739353697487087
M96651,114.65975614430094,1.5267297101819557e-63,0.04965039555847414,0.06409535640831016,0.15128298525169406,0.21554388287802076
NM_020689,114.54543227028662,1.732106951310243e-63,0.05697421917805038,0.07282458803761864,0.1702578107351691,0.19749173036841464
AA704766,114.49979719701408,1.8216225027650935e-63,0.4635432888881876,0.5037292230732834,0.4346155179845684,0.3783625177172728
BC006439,114.377811135712,2.0843287624369183e-63,0.35173267052602875,0.24925726527969047,0.29115906507066713,0.22900071272323297
BG236280,114.22218343265071,2.475329062059224e-63,0.25503643311628515,0.3462510627659061,0.3014467597471601,0.2718889335560244
BF513800,113.98710629160057,3.2097232490647505e-63,0.21630728307902097,0.33321192275874223,0.36321142976849924,0.32550055897513097
M69148,113.58809170532702,4.990315827595775e-63,0.3049761534523253,0.17584796350465043,0.24223009585348554,0.18591170515431918
AW182303,113.05836913531442,8.970978339414409e-63,0.14686532406170574,0.2241294150739783,0.13036274878355286,0.09748421973267268
AK022549,113.03935737380951,9.16193294557762e-63,0.4257006014979214,0.3155657164595298,0.44583734777187095,0.534703922133113
X52785,112.69180971546011,1.3467140463262004e-62,0.1543195523127247,0.18209799690337125,0.08196214990552647,0.06008748707989619
NM_002343,112.47886570124479,1.7054495170544743e-62,0.5983153149195084,0.36486531022095164,0.5430598170224736,0.8412432975547258
M77227,112.39117502741588,1.8797023371900773e-62,0.09074769944402197,0.07077757819832738,0.19913647065717358,0.14722051391334723
AI375919,111.82635679352508,3.519052304515573e-62,0.18296463876843042,0.15206715757742462,0.32170780922072406,0.25257056119830107
S55735,111.5227778945312,4.931124138567073e-62,0.3853637157862476,0.600005270724621,0.5352850659725035,0.46998520784599834
AF272379,111.09845522244719,7.905182989871524e-62,0.3060624028103204,0.3335934396408781,0.23318594262177844,0.18125882762116052
AW296309,110.94631329106112,9.363780390633566e-62,0.15691059772907803,0.2582902118076378,0.14355924310242393,0.13866970696768102
NM_000118,110.81648521577836,1.081994479271481e-61,0.3791806145374655,0.25146219804725817,0.32816869336459425,0.27922053219274034
AB051480,110.48600427431552,1.5635125481067646e-61,0.5441394368989751,0.6054044783366883,0.5492569087544303,0.541629849478256
NM_021780,110.23539098740258,2.067381181724806e-61,0.06825803296262431,0.1820435433389171,0.07724653389612901,0.10346819984531684
NM_139018,110.20862562513553,2.130009207130053e-61,0.2650399642757251,0.30714615319269994,0.39715685240257576,0.46162005288656366
AF026397,110.18394710036817,2.1894375831568597e-61,0.14626297676228756,0.14307462011821537,0.2945783512181229,0.16706222096501402
AW516789,109.84212982677434,3.2057814820465386e-61,0.3556689992205265,0.4052916118867287,0.45201043019266907,0.43431229716123537
NM_000224,109.7424640242353,3.582974124493646e-61,0.2338787625894087,0.2875806889830762,0.36179457964368367,0.2274673284832822
NM_020215,109.03474680533812,7.899563870257032e-61,0.22160094122641613,0.12165018273242416,0.09574669079514445,0.08728196402621824
AB013384,108.98495203048817,8.351850397082323e-61,0.34517374424554337,0.35840492994221956,0.22787961408727833,0.2585246283994165
AI742358,108.85409136387615,9.668070357401324e-61,0.3872640640090365,0.4538683384059602,0.3764720254791502,0.514426437228225
N31807,108.48544205591263,1.4604600788630685e-60,0.23959644912494296,0.2362395207150073,0.12077552054062894,0.1087667328727886
NM_007361,108.46506279409415,1.494161926106085e-60,0.24662792768090144,0.10830531885871028,0.12887390821643088,0.10901126932612694
NM_003202,108.44174812045311,1.5336750220459267e-60,0.575021352174632,0.6062190342804551,0.4832643929158667,0.441915106634761
AI346835,107.99662383038157,2.5250532082387373e-60,0.18054173513819732,0.1622830145139609,0.3148305545985003,0.22650655064471936
NM_002345,107.8033531166095,3.135874533735725e-60,0.054540632755085486,0.04166247027647143,0.14315723601125313,0.1891170383517653
BF245954,107.56271079348018,4.107396099990398e-60,0.148823935315579,0.25973857236625275,0.09446258261366765,0.06760332837354305
U19970,107.47737065361511,4.5201009167636557e-60,0.44832387573188254,0.2941377094400583,0.37216542771716643,0.7816233177517735
NM_015136,107.42766227875174,4.7793851954439016e-60,0.19648103189329966,0.1809899066692761,0.36133397108212056,0.1580882021225989
NM_002099,107.23641132913482,5.923771368410463e-60,0.1944701746704245,0.0793425335601868,0.2576742310431181,0.31056159847351006
M98399,107.04362589399176,7.355529963783685e-60,0.20907393394202559,0.2706714446463855,0.3902616711108717,0.4054500332405401
AA191576,106.83372226020411,9.3116153447665e-60,0.5678724477734041,0.5390052833134615,0.6230773053744424,0.562176818764487
BF593817,105.78574126062712,3.0274034387062954e-59,0.37291242027603977,0.32192709894245686,0.25173609952373494,0.32317026617915134
AF035321,105.72738679128899,3.2330967469983407e-59,0.17455823305639687,0.10398686918889799,0.24093247864917217,0.0889744195913853
AW137982,104.86278822996668,8.57138650072897e-59,0.14489719248910804,0.11660806650398027,0.2814371968014347,0.12910025943677092
AF005487,104.84948995178587,8.701025296311414e-59,0.28358056965880013,0.3532255082194721,0.2841865486883946,0.24306810885223798
NM_000717,104.41152804080059,1.4268846906937811e-58,0.19463337704949427,0.20614247933375943,0.18491550665421244,0.3956410358118456
BC003660,104.10637241454026,2.0146280985313293e-58,0.3007186585973196,0.193350612329327,0.33817212726895474,0.3703551604304203
AI700446,104.02863186076904,2.1997630962562686e-58,0.15890216484768402,0.1840544941693639,0.123776054936588,0.31423093222601467
AI798118,103.69778167099045,3.19848585566121e-58,0.413245418715641,0.31515811364861984,0.4152232516948351,0.34598988883717113
J04132,102.81992010070996,8.647675999279826e-58,0.3386832998740837,0.4497840844629183,0.30098609968382095,0.2568349257804627
AK021452,102.791509879095,8.930863211232739e-58,0.11524663047668515,0.07828578281408875,0.27861250975306945,0.180190637534441
NM_014326,102.3401919499647,1.490468639678796e-57,0.12769637665916408,0.15894564151477056,0.13482320916581653,0.32378975353961775
BE613133,102.20630762986026,1.735208773220272e-57,0.23531357331389408,0.29514747205728725,0.3283388912097953,0.3091373367365016
L34598,102.13149525618364,1.8891069078865658e-57,0.3225793798428473,0.2589810870682137,0.3566354577527436,0.3255331408838893
K01144,102.07789765411334,2.007705786223343e-57,0.7506767939947067,0.8550963703590103,0.7026178872770836,0.573716438786928
T71491,100.52350268335428,1.1776837717652594e-56,0.24394729369268714,0.23754702792954843,0.1684130832991393,0.072023646212941
NM_002462,100.10194151037616,1.9049493337482263e-56,0.4420910842477455,0.4243659337487402,0.3028704888596841,0.2669105519822171
BC031525,99.42140426833542,4.144541506050351e-56,0.1893638813517851,0.2927975346833342,0.20930910438067257,0.247538830998332
NM_002600,99.32722815790615,4.615688856402825e-56,0.5104697238004535,0.6579688220335964,0.48074573806055787,0.47220467793387044
W96225,99.15446340864888,5.623981451479098e-56,0.24484926662108766,0.3652630726873623,0.31549879305557516,0.22613609218320185
D87433,99.12005031231223,5.849786608926451e-56,0.23003027320694217,0.2245175840906831,0.386918277606542,0.18262908599057856
AI188710,98.0690251682599,1.9495911600601254e-55,0.266227755471295,0.2233788697245504,0.13895855137918883,0.11058284504728955
AA524250,98.02156212432845,2.0586526494051182e-55,0.12182477264239994,0.11015707092116024,0.21978544528099642,0.2074488293119642
NM_003118,97.92040773627312,2.3119209258137515e-55,0.30913911579142606,0.32808335829636215,0.4669066120721835,0.45476774212925936
NM_014723,97.65860257283596,3.1220959478968776e-55,0.08642882481350889,0.1615716477429675,0.07565154743848317,0.06327374027175608
H14197,97.59489086935801,3.3589978720006205e-55,0.29354925408805593,0.20219093825243703,0.16943149230939408,0.17486962953279184
AL080170,96.6807383083401,9.604692705931228e-55,0.26499767669203156,0.2419909525059463,0.3992087456908671,0.4383172652749128
NM_014827,96.5850311805429,1.0722835222407818e-54,0.621693901512601,0.6595288786707045,0.6177519198057716,0.5798627193583998
NM_020406,96.502429797195,1.1792212919022862e-54,0.2667244275126162,0.20010161880828164,0.22751570504941482,0.4427488411581794
NM_021994,95.91569669546381,2.3178531182883242e-54,0.40895129675301944,0.4628353014525482,0.46154365285593246,0.4247212645619415
AI949392,95.07583274291254,6.10802509137252e-54,0.2642329201580734,0.32260865488635837,0.339781811207185,0.3136293354422547
NM_004781,94.96763492195451,6.921081999584095e-54,0.3525591746075164,0.3910283716670572,0.4043006458634996,0.47476921178573783
M30646,94.50027212779099,1.1878653614684088e-53,0.2581345514360166,0.16291351431886417,0.36284532648754025,0.4710591710930648
AI202201,94.41569393667211,1.3099326177367943e-53,0.2209251551085724,0.1291310091538331,0.1415108111886315,0.12904023561020234
AA631143,94.40993184731278,1.318692188573178e-53,0.24658696446140563,0.23437263018094037,0.33207520594682677,0.28081071134223495
NM_005808,94.054932122184,1.988597028658637e-53,0.26123599051882374,0.18667322679379575,0.24239379010282835,0.372963133939477
AW341649,93.54097590942312,3.606600248206563e-53,0.6444154188310335,0.5724558655471238,0.5149398882101482,0.5111262306224468
AF132818,93.51954201936712,3.697322878582217e-53,0.24758603356975145,0.2455157680979258,0.25738878111836977,0.49163955450057983
BF968134,93.31499664612583,4.68682483822127e-53,0.5378754601019238,0.4050533816155502,0.46353010676714235,0.4084373372931813
AF057036,93.09445049678362,6.05316469648357e-53,0.1964969236848005,0.12466064800472955,0.12349817532038587,0.09492581679897256
AI970788,92.37942452805626,1.3886333536474556e-52,0.6733292538091677,0.6301457318575573,0.6257371169583806,0.5569149727045104
AB018345,92.23130679515116,1.6495419311856474e-52,0.32044475031760306,0.2403612935341863,0.19313845008698652,0.15090874686490657
NM_014485,91.95282836388078,2.2804550453045517e-52,0.1465674106826271,0.14227425424924384,0.277769701540876,0.26118038767992063
AL559122,91.90576117708164,2.4088186586014735e-52,0.4751742815069102,0.5817689025452368,0.43016721302433236,0.4024832740772602
AF039686,91.86410889797014,2.5284409269881104e-52,0.1275287726958103,0.22406858081618947,0.18169603074976906,0.21232893621159157
NM_024829,91.59569122982246,3.4557777294078066e-52,0.37192575791594357,0.49397618276408956,0.423071032788619,0.6952096140661905
AV760302,90.99311388561864,6.973990039059492e-52,0.22391083213680107,0.20336118316914462,0.29762098000381243,0.33542529095050905
AJ012008,90.58419089153625,1.1237414613825835e-51,0.4347876317183906,0.34601319930221464,0.4299195245604107,0.32561791289684383
BE467023,90.32655368131053,1.51811420800726e-51,0.2668586384052189,0.35814587375785734,0.39830219536903766,0.3340245918479077
AA503803,90.23038086312646,1.6985977793943467e-51,0.08521125532490194,0.17688350055665406,0.10064957626906847,0.07062242346880741
NM_019027,90.08478033134162,2.0135915201796321e-51,0.24657178037893887,0.3927833914505279,0.2836526912068115,0.3093078230009523
AB040914,89.90074831340934,2.496834723257367e-51,0.1782646028756446,0.0660341195428139,0.06489403908963566,0.05703712308909311
NM_004244,89.7940066478802,2.828738564666105e-51,0.1544052896799024,0.2899280701162694,0.28071581272060486,0.25219659576582365
NM_002504,89.71593635265997,3.099169569036919e-51,0.2118803248441684,0.2829792693194458,0.19575717056293315,0.2113529485325481
NM_012413,89.70545730883703,3.137388429593656e-51,0.2631525233336682,0.349080202684498,0.3154619574485209,0.5855460208515788
AW006735,89.59896607440143,3.55360606703645e-51,0.3018917532620627,0.4295983281750861,0.2725080631542878,0.2634871598593025
AL133001,89.0875126255775,6.466891963375246e-51,0.3048688671765251,0.43672243763500124,0.33503925318354993,0.4079927036235499
AA815354,88.83364407234566,8.70726760103227e-51,0.14052085571926637,0.12745847127042745,0.22411989601481172,0.21286614845658458
AL522667,88.82245562719514,8.822205406071539e-51,0.41125768895577125,0.4302839263959273,0.467958904049044,0.6607447093309358
NM_021809,88.7614605251713,9.476070442666604e-51,0.3388773744942945,0.368919317480884,0.3182606284256575,0.2336403737927592
NM_003430,88.71516763257524,1.0004557347984416e-50,0.5298749169830336,0.5535618534571007,0.4666859827979182,0.3869598847489024
AW241742,88.31647230850015,1.596973770032967e-50,0.28169294692780994,0.4266361993450656,0.32501223532606194,0.3550971063763596
AW444502,88.20507962559462,1.8200237351979084e-50,0.1755730725815221,0.05679499213917786,0.0815478434536157,0.06737161519244139
AJ224080,88.20327947712606,1.8238736565359634e-50,0.815121381517944,0.8054580638177284,0.8152440997413161,0.7394023454466532
AA446657,87.85587228305666,2.7426704023073726e-50,0.33424357197529403,0.4075931877778049,0.2955154639737616,0.353074514935183
NM_017789,87.80525173857005,2.9107342651404677e-50,0.10817356277235847,0.1633628935667093,0.1905012606219153,0.13863030439892476
BG396614,87.75199300097928,3.0987104787257466e-50,0.2790534781685116,0.24456237812962717,0.3710371677397754,0.35496225537255754
NM_003246,87.45570070918038,4.389802896437983e-50,0.16980842358983816,0.36929800632146464,0.29995247392085334,0.38650128886450175
NM_014147,87.07836368208537,6.842890653452935e-50,0.2870046377113653,0.30160464937425363,0.24177093671975433,0.16991809149121137
AA778552,86.02956847599111,2.355168631554971e-49,0.3356140986973539,0.21723335994729764,0.23334417737846483,0.44481800947078437
AK025016,85.99218455029752,2.4613895907917356e-49,0.16013247054390647,0.07117946459695636,0.07699528873122592,0.06941430511083023
BE000929,85.72991494441092,3.3545595385575417e-49,0.33508367310149956,0.2588407100504461,0.2648125587951697,0.17887913461687951
M27487,85.62041012945886,3.8176781571728154e-49,0.6236543352758392,0.7432081252965244,0.5975713328483736,0.4826060304808062
AI690433,85.41910861903685,4.842651185000469e-49,0.16918557250889343,0.11405309206778616,0.23791146367527402,0.2758402924031712
AL136842,85.35826724737284,5.203667542073112e-49,0.33732367439383487,0.4498920934864237,0.40869159848657566,0.4494880202204682
AW085312,84.48940889173694,1.4545985270332552e-48,0.14443262365279264,0.21808286642317787,0.14890718619531232,0.15132472326242652
U82164,84.20780736181317,2.0306499218833166e-48,0.5457387878602251,0.4605500206414155,0.5432219035662565,0.340115676352451
BC001437,84.12155622346154,2.24922739803504e-48,0.22960632295270858,0.17538727039887816,0.14414220247127782,0.18021678040887038
Z22969,84.04246348837154,2.4703298768270024e-48,0.1294964763478466,0.2686457870624378,0.2648667872435837,0.24433994379847557
AY081815,83.99522316277981,2.6126470788672276e-48,0.0645989145858773,0.14816221618633874,0.07358314386833505,0.07051156317208741
AW665865,83.86381183782804,3.053260723662241e-48,0.20730131692915232,0.1048090097878545,0.12943730955573837,0.13043574895709756
AB003476,83.75656316335667,3.467512244179707e-48,0.3617236838374851,0.2607901077756839,0.15431478369169313,0.2681569843444714
AI806174,83.58998506992975,4.2253895180325486e-48,0.39900887975417965,0.48860185998904554,0.3448179133801725,0.38731139551761545
BF672975,83.58270945557794,4.2620362956462163e-48,0.09589616103106342,0.23672388259514007,0.17051044756687952,0.22754749304853206
N42910,83.57637948193135,4.294178933587765e-48,0.2254546364222508,0.23149872665541082,0.13213251604687729,0.125744693760955
NM_004188,83.53084085535671,4.5326897013854436e-48,0.10287469909675934,0.09766560679356635,0.1758939160418186,0.20538742489419703
BC007947,83.11693682926325,7.410510410899152e-48,0.28729108512538293,0.34365853667259216,0.28629802709539576,0.26666555328424596
NM_004360,83.11588764087054,7.419755003295825e-48,0.14008728790507066,0.1139975628788084,0.2030724703519087,0.3050972387887711
NM_001423,83.00910636543165,8.423687097722679e-48,0.20709125317901228,0.10804635081057075,0.3007407116156492,0.14674351871186916
NM_000237,82.71628762279921,1.19318213572431e-47,0.16820325707341766,0.2849662183520663,0.22955466266938918,0.27573556643585834
NM_001769,82.59591170321694,1.3768828620155954e-47,0.4819844723636404,0.2610202355129558,0.3542817371719832,0.34584612971128414
AW072102,82.25730075804002,2.0603068202010014e-47,0.189183345175062,0.054859525521132574,0.09222313794959702,0.059250247188259005
NM_003234,82.0582817811963,2.6114143127239213e-47,0.5849787940809487,0.5872878740356944,0.6641922051572614,0.6452669293381449
N50406,81.67762249214212,4.11066879609038e-47,0.17202540256783644,0.15630153256943963,0.28649374999374094,0.1610279797121536
AW129783,81.11017698230089,8.09041619530713e-47,0.23422849199461213,0.03567973870385187,0.1830927270305151,0.13051854292212353
AF195624,80.98823170164718,9.358741846624612e-47,0.5575330251605686,0.6416121061089672,0.5886731326348122,0.6060100364130597
AL080239,80.82874732296486,1.1323009241754423e-46,0.14370445675994142,0.12810253186489334,0.2850974229235086,0.14023255974834042
AI949136,80.77866682932151,1.2021300435853499e-46,0.2111336059978877,0.11461162206398538,0.12604168779488498,0.08489664031062708
AA417878,80.60158238954763,1.485511008521955e-46,0.4706234000623226,0.5627651130348318,0.5507406656728181,0.5471707624058391
U25801,80.25642782484164,2.2447035851231244e-46,0.10669986530711208,0.1449077328932786,0.10739673665907697,0.09149428684979154
AI419030,80.21003000802308,2.372852863009216e-46,0.3395610425125705,0.203664481246899,0.2197636253986841,0.14765911488685504
AW293276,80.08059280101024,2.7704513132830077e-46,0.5129512553914971,0.5310684998327166,0.44659615212377407,0.4310113690620245
AA873600,79.95953935206053,3.2025183113082704e-46,0.16683969270104732,0.29011907418286,0.2289170330691112,0.21334655409635503
BC006252,79.81152453979722,3.823633918384456e-46,0.1020772507240133,0.1866512768169991,0.2023730016828076,0.29410608199446703
AI535735,79.7862254618869,3.9412819142435175e-46,0.4042022289588637,0.3576284703063751,0.4990090125381715,0.4522034699140593
AA594937,79.59755888785119,4.94096719023879e-46,0.12897318714312195,0.03657304332296871,0.04310066139521186,0.028877388236524408
U46010,79.25877026044022,7.416807705355378e-46,0.1743387218197347,0.11372335929077766,0.2598676582406989,0.1947796107378117
BE879367,79.20041671926252,7.954557297299727e-46,0.4013772900088118,0.42422282062313726,0.31541733071208006,0.2645273527433706
NM_006139,79.13230321831955,8.631869682993322e-46,0.2046910758224239,0.30500882063925516,0.1738989769883367,0.13129903571030427
AF016004,79.120229097142,8.757828014431512e-46,0.3150800488522883,0.147598489484345,0.1955243461051456,0.12716924871296378
AA741243,78.88112505614713,1.1668793168852852e-45,0.36883134177005894,0.42773367923523303,0.30101578311581556,0.21548339308694356
AI935096,77.55458680719978,5.751559660391698e-45,0.42186428269439746,0.5906043158930565,0.5179163706615741,0.5482417691585628
AJ010102,77.41148757446454,6.833616366995878e-45,0.12576870709724958,0.14357841284238276,0.19905603651395828,0.29533595643764327
BE218028,77.30100204494107,7.806763298603368e-45,0.573833139869598,0.508931451960455,0.5938459307767074,0.5568212547967601
W95035,76.76309301559886,1.4934758601140101e-44,0.17103187664606348,0.14207957725075981,0.2539364660760308,0.2600767222601314
NM_145278,76.2922331164135,2.63701828146699e-44,0.0904954398985965,0.1205846315941416,0.1823776478386314,0.18199557750377543
NM_006678,76.00393101460872,3.7362578506157246e-44,0.15231211283756851,0.21412092560552506,0.2194206750578454,0.212307172805764
AW575374,75.92615370630833,4.1046753648439406e-44,0.508883370411232,0.3853842668266739,0.4605457657216124,0.3597346717535063
NM_000236,75.87091707406621,4.388226993369183e-44,0.10024765298761633,0.025359302227442312,0.041760756723865394,0.016688147573298645
BG542955,75.84920163679192,4.50500319828816e-44,0.29768336116050054,0.36860141853452166,0.22880555195226576,0.1220621416388556
BC001766,75.69035579662024,5.459429168739687e-44,0.10237393531106723,0.121051085216901,0.21027798526684832,0.14169680255703457
NM_002231,75.39211410648687,7.832870491611424e-44,0.3840574876772701,0.4725834566329602,0.4738624331900118,0.4785028765367907
AF207547,75.32850160095626,8.460077253697344e-44,0.452603862441461,0.41955829292284286,0.5390386102496418,0.49776783169702044
AF116710,74.90938607000086,1.4057719848302662e-43,0.9287243097200306,0.9589319636550131,0.9087038311513017,0.8441681321277175
BF476883,74.87538760488535,1.464923629054785e-43,0.2720608323334008,0.31538542413510356,0.28393994951584467,0.3757866537848184
M60334,74.17107535745502,3.4432603300383684e-43,0.6440186476112779,0.7290832475770878,0.5698259777393091,0.4519600251386332
U18759,73.86909463882691,4.969388976542051e-43,0.12348203885010145,0.09183338259342853,0.19147552912583726,0.14098932888618734
M60333,73.48301395020295,7.946611511219582e-43,0.6258806435352858,0.7180888813759204,0.5515347605042072,0.43405075336611554
BC001188,73.3154669120074,9.743599624277118e-43,0.6678188219666481,0.6650638592897086,0.7303123012590965,0.6940212651740673
AI741110,73.16044610020049,1.1767118810215368e-42,0.3220454615598476,0.22541718672909916,0.35282738742342484,0.38423755695653516
NM_001629,72.68889016303434,2.090005764515701e-42,0.508204402179893,0.5260451257480347,0.5351889623394273,0.7286870493445287
AL524467,72.44029148782852,2.8299954881724626e-42,0.43955379568997327,0.5379045438414385,0.48467215188282475,0.48790714907091726
AI492051,72.38732779267728,3.0188502471271883e-42,0.17448268030607783,0.16541307184153595,0.28390417296932247,0.20175724909749151
X16447,72.15704229226166,3.998255922431375e-42,0.34477845446095556,0.3378486764078904,0.35993310832327907,0.4810922873574634
NM_005191,71.70582365042853,6.937036067916644e-42,0.19122505267449755,0.25490265182427724,0.19487086763960615,0.1889607163016186
AL575922,71.58456297078752,8.045071375489053e-42,0.1428387231121925,0.1050257608255191,0.20852283161796686,0.1825967909400027
BC043187,71.55312215108488,8.36025348004469e-42,0.2449543820950416,0.3307818928379802,0.2550737323377151,0.2728489999507749
BE677131,71.54219324453055,8.472685296037297e-42,0.18934686467000242,0.2621573931557217,0.2535466497713258,0.2683446835293326
NM_001767,70.78265037079915,2.1459024380386303e-41,0.3003797982776657,0.40378761228629806,0.2865630615111223,0.2546114339384923
AF130113,70.70974873227664,2.346317074680026e-41,0.23348294042046566,0.15991164299066057,0.36546201119742966,0.4974994120556255
AB028976,70.50307715936073,3.0224165987155095e-41,0.24548020692106445,0.1936870537745425,0.14300684518169918,0.12625611530140388
AF044954,70.48120830152337,3.1045152017053595e-41,0.5363577648040352,0.5322589060676752,0.5785026708001757,0.5587635476921881
NM_000570,70.3961855295846,3.4454998635713625e-41,0.17640309724390696,0.2597278630211636,0.16761476374756734,0.3469867396146752
M87790,70.21547864894461,4.300073827596527e-41,0.52883994558809,0.6842916500342043,0.5848146125616267,0.5082747659017873
BE621259,70.12342094998169,4.814063338385255e-41,0.5179459362401875,0.5138136039051828,0.4868071098967749,0.4569589052089425
AI040009,70.03724195107989,5.350895213160154e-41,0.2706299731550619,0.2881081859082109,0.2209075671486586,0.20739264595647192
NM_015714,70.00339178525053,5.577812322150346e-41,0.4259455796040663,0.5794410144729454,0.4649467417238287,0.6492921723875887
AB011131,69.9272824180149,6.123858908003031e-41,0.22070270799284106,0.10098550367888201,0.09863417341232532,0.09015756035440191
AA054642,69.81854511675189,6.998230901685979e-41,0.13801075777075245,0.24525447968955505,0.18874262825944663,0.28675602393787963
NM_004045,69.43177003138338,1.1253504471620153e-40,0.3911318144325269,0.43138651666133215,0.457407073520037,0.4626564542914546
U70544,69.4059341457162,1.1616499513366043e-40,0.13999084754750332,0.20057454854220483,0.11583542165705202,0.09980282505573485
AV736391,68.92866562804824,2.0889680129600203e-40,0.27906826685328,0.1505484168500274,0.2300554937773642,0.15671363490265475
NM_002121,68.83573406255316,2.3420244220545927e-40,0.6361331543628844,0.7254815795753575,0.5849772155400844,0.44698925905449444
NM_000073,68.21592661758623,5.0244650429709745e-40,0.2502086362320879,0.3412388638290675,0.16470817552248912,0.15862758531300133
NM_022349,68.0330392230338,6.2951067008332874e-40,0.23777307652432575,0.33674518108556545,0.3792099181983026,0.3447576141807923
NM_014380,67.94035357134867,7.05734977140925e-40,0.3248871137396595,0.3286501517370029,0.4716549542975333,0.5323166535344235
NM_024657,67.77724339783694,8.630270316503205e-40,0.1851348561029711,0.20353329912582535,0.11925263131754875,0.09954794981451925
AV731490,67.72867724993331,9.163249575332108e-40,0.23140225378441875,0.1518455350983747,0.14692750619543202,0.14368173586161334
AF228422,67.47175041282915,1.2582910423713183e-39,0.13825910724165483,0.29085256911436974,0.2035744483528318,0.2757227513505969
U47924,67.35986945054752,1.4447244426481045e-39,0.17762013833217943,0.2486413647479649,0.2523859002362893,0.24325745855999556
M35999,66.95258776725765,2.3897874146945075e-39,0.10693349049067759,0.18260442413476136,0.14219808942051282,0.19949643954981205
AI382195,66.93857142258723,2.4315618069049938e-39,0.2109258591342684,0.1638221387527412,0.2479388758772078,0.172988404584832
W02593,66.81863890489736,2.820288557177906e-39,0.3977911886289169,0.33387084713968046,0.4230857993610174,0.36877347286357437
AW956580,66.52798903684837,4.0407616922352156e-39,0.1256214156896389,0.2780445810281652,0.22303750235424286,0.26748495568456354
AI870306,66.44282902382234,4.4899570028697566e-39,0.2973208131734282,0.13129862287093572,0.1850213499727083,0.12540264358354172
BC000771,65.98089018974292,7.956705537276819e-39,0.7184058623302967,0.6966608966453166,0.7385514218519634,0.7062370749407034
AU145049,65.41595017991261,1.603324978592978e-38,0.23584057344951445,0.18823549347116222,0.2845405634521626,0.3221924332685248
M68956,65.24009102484868,1.9944840161694477e-38,0.2861565041266074,0.4147036843913517,0.3476424934741124,0.5383061829001404
AI961231,65.07000549614813,2.46357921431795e-38,0.43280962864022465,0.3040717797597501,0.3703177094981364,0.3065534736527953
AW190873,64.95955791134783,2.825904916778465e-38,0.3308062671828981,0.3727676830714262,0.36393006783747023,0.4165836011254512
AL832261,64.88257525372785,3.109586100664216e-38,0.09638709236211954,0.14191131853647845,0.09106194956888579,0.09030906184641427
AW007739,64.83632393790195,3.293568995707857e-38,0.34341728634312063,0.32249844460040805,0.288718478543981,0.2369415025378383
AI744626,64.70423947413833,3.8812833006655907e-38,0.22631166632278665,0.2950109103183706,0.2470001215586287,0.2159955326554388
M75914,64.5678217829563,4.598837228366811e-38,0.10448098793057643,0.11715173397708355,0.17697888574153475,0.23022817248521849
BF940025,64.14497248591293,7.783387134104487e-38,0.2691013400887199,0.34714435958912604,0.26757781361211597,0.28960677028395415
AA528140,64.1011102915945,8.220286248624982e-38,0.30325280594289167,0.16418418691411055,0.21881422597610534,0.16727982617394865
NM_001794,63.960256810343104,9.796490479105308e-38,0.18524045709823903,0.09617090745208165,0.1120422310159625,0.09566368587141813
NM_006423,63.62014500917058,1.4967111758298302e-37,0.4537978569438698,0.4945614442292145,0.4492918344555198,0.4351391695266546
AF020314,63.07136072307845,2.968037471742227e-37,0.3337043872906254,0.38189146365923216,0.41154151018491514,0.48721560697222865
M62994,62.93715215293574,3.509505094307063e-37,0.3273211994204123,0.22597681857912727,0.24748274105952522,0.11942321997742321
NM_017786,62.76161730969059,4.369876044496043e-37,0.12835371216712094,0.19294430694310977,0.12615565116542612,0.10039318987536573
NM_006566,62.11071342371149,9.86130836227758e-37,0.11484203543225645,0.18128540405398436,0.11933293775202354,0.13505499307499377
AA205643,61.956229161607816,1.196493104619584e-36,0.43520677431460913,0.4778898152117991,0.4513159694606692,0.46502313641614684
U14383,61.88648603236959,1.3056667632601222e-36,0.13754677471764593,0.20621256164043267,0.1609757721735752,0.1338394363302478
NM_015320,61.784418371797145,1.4836881520705928e-36,0.17862293519156583,0.10003258339286576,0.08077271760292784,0.08400188182848836
AA702163,61.706063526189105,1.636689039372972e-36,0.11526561176207843,0.11642468099792799,0.13995478450817125,0.23818834507188139
AF497548,61.64111748893297,1.7754234246899507e-36,0.24033272682492612,0.2836551819672564,0.24781967989433604,0.3204612953718318
NM_021155,61.60743695976828,1.8519492616844106e-36,0.2660255201177996,0.3358370471855759,0.27755383674620654,0.2909352067251538
BF213279,61.575613371772285,1.9272905875076405e-36,0.20311590895236153,0.1683238198949252,0.10908843719686749,0.13083581440150738
NM_007117,61.4753035784282,2.185465596182133e-36,0.25240198166938416,0.1825056072434544,0.31360502359874054,0.19692453339176128
NM_002430,61.23326089603416,2.9603296009754046e-36,0.26249875400189754,0.15179568167013524,0.2845310871833609,0.12852467741643966
AL049593,61.21590479402722,3.025476783918593e-36,0.29460349230420424,0.21766416080107417,0.34913222286632783,0.27293002848015274
BC035826,60.989331352339754,4.020173450502282e-36,0.16163182735481565,0.05027241090446208,0.12180116061023384,0.040407855220702164
NM_004931,60.90955216866456,4.4435501836125816e-36,0.1348144243526862,0.21307126748599586,0.13865834787661926,0.1548487836884898
AW079553,60.742732129936975,5.478819975430155e-36,0.1975219357980911,0.15223634273269637,0.1397688844483998,0.14686560960010042
AW165999,60.46492302217995,7.766841399174338e-36,0.2346100711996385,0.19502584141667323,0.2724501897983166,0.3217385864361774
NM_005764,60.43847590005042,8.029306992570568e-36,0.20539268256173634,0.253629267011388,0.2412618154130789,0.32183586979328205
NM_003607,60.277203968298366,9.833626189903724e-36,0.22894247213096589,0.14136443869505502,0.25866075069552963,0.39555280707603285
BC004894,59.7317807553964,1.9530629697131312e-35,0.46332286024859193,0.4433711457856094,0.48914549033001703,0.43054713412772777
AW129128,59.702796310254854,2.0256477499307232e-35,0.34886422298780273,0.28386367203565593,0.25715137731124454,0.2356880986413291
BF029215,59.45958202392275,2.751633763766273e-35,0.41833380633674633,0.41812741636978423,0.3795369106565932,0.2812632855980896
NM_004221,59.014295907892134,4.823392924257128e-35,0.09167958112751826,0.18734487310790687,0.056593138156984184,0.0697872432403613
BC005196,58.75740520473961,6.669701647248187e-35,0.14363635213374923,0.2037387826648945,0.1417914377561687,0.12915369547730265
AL049265,58.60014904961869,8.134187129898237e-35,0.5071026620352556,0.5350426024273981,0.4667995185355732,0.3634442226138226
NM_005157,58.560609932967694,8.550566147082271e-35,0.4067305912938687,0.3582099447899227,0.3887751902587683,0.3812254043512566
BU789637,58.21061358075228,1.330469213403109e-34,0.30612751375029396,0.2409420966127503,0.31821679271728615,0.28712832685126816
J04162,58.15062689741562,1.435261073290712e-34,0.31694268825711736,0.3965288315809289,0.29945638912896616,0.529509443183278
AB037736,57.931817642244866,1.8926721199396217e-34,0.34360060324772784,0.3914393615370561,0.3117149488580076,0.31347983590392187
AI822137,57.785230525613045,2.2782484294744685e-34,0.15325750045851086,0.0797890867553612,0.07938952269467457,0.07855125282739488
BC006440,57.42198904367309,3.6080425142536323e-34,0.17140330308476903,0.08708108279398219,0.07614341463643609,0.05744947710745902
AF054817,57.285784409108906,4.2873546189618436e-34,0.1708661375541685,0.23587861580121874,0.21742785034215636,0.19195240086247764
BC042665,56.78033983167752,8.136339589653018e-34,0.1392592503774672,0.2056664449854396,0.1490994273224694,0.11628509557611033
AA724708,56.60079931778135,1.021760580261122e-33,0.2378226220543676,0.28481315373431276,0.20672497259097805,0.22086005675238232
NM_007351,56.26809910439372,1.5587389832611106e-33,0.1467147198750813,0.12102573720211722,0.21809542528806608,0.18106439140040514
NM_003135,56.09001129006494,1.954430791658676e-33,0.5875656137909364,0.6228299498055052,0.6121756492421785,0.5757716935734416
BF981643,56.052982005299434,2.0485853290383192e-33,0.08001201203436842,0.1425322615069962,0.07958013969219874,0.07466007789683553
NM_017872,55.716239619192045,3.1431540479448345e-33,0.21620233838420813,0.2589700029306271,0.2802309621023993,0.24392565010591988
AA669336,55.68381713289638,3.275473771179322e-33,0.2097026767484724,0.3548846303913664,0.2900027309576999,0.2204294406570668
NM_002627,55.66072502890678,3.373105118232452e-33,0.4423790273999949,0.4779452770822662,0.4943820090261415,0.3608536948991377
M90657,55.268076009085945,5.559528630956634e-33,0.13400578810278016,0.14976114449032313,0.22289526894877046,0.14545567091121236
NM_006406,55.1261594485051,6.660781431085624e-33,0.4603377010228984,0.4182195838556511,0.5033972692106948,0.455149301262789
AA807056,54.947838092428704,8.359613625510804e-33,0.4274060750431424,0.532356139948348,0.3711246367152563,0.27961430274123367
X72501,54.89649916513809,8.924812619386104e-33,0.25965165812949387,0.3621021895846234,0.23120155629017014,0.21122866574414945
AW102941,54.674149294095706,1.1849463056024938e-32,0.20242541178274864,0.22058938427156288,0.12225911351906478,0.10365616268651597
BF663308,54.509533501202625,1.461772165511265e-32,0.08889512677031888,0.15470429905002572,0.08274421251491292,0.06456305382794941
AA527238,54.36163415130249,1.7653626779784983e-32,0.26647908377264623,0.2286728640491701,0.29777405631333476,0.29307767610217256
BF439675,54.28375763401011,1.9498418525620772e-32,0.529779908947653,0.49599864928028253,0.41427607932907135,0.34428994409566704
BC005332,53.96498769095139,2.9293848448096853e-32,0.5426765236695972,0.6976780261734367,0.6408118345278246,0.5664900728436404
BF677486,53.803026392524544,3.602869566283824e-32,0.3497259797306236,0.31904401388097914,0.2683358630709032,0.25082974018918913
AI884781,53.58587942783697,4.755554426497117e-32,0.14891235931368477,0.06308285390834407,0.10961835837065957,0.06552859687051454
NM_004972,53.50849741250342,5.250215184903612e-32,0.181397466037055,0.24405527576796307,0.221142197919263,0.2702309139246166
AL031177,53.31140547278026,6.755772331118474e-32,0.07930299266291692,0.12454145630027802,0.07383334219857964,0.0601466145518041
M63438,53.24016206017256,7.400635969736541e-32,0.5367513931262384,0.6862267445662856,0.634386676526719,0.5594510235065637
AA768888,53.11318503585268,8.706732848468644e-32,0.17088156748977448,0.10349771837047639,0.08835358099182089,0.06365587374433698
AI884858,52.98592932226975,1.0247529798634554e-31,0.1596827688034188,0.07844219805637398,0.0758957060394584,0.07956262155934128
NM_000173,52.869898094451855,1.1889441319964489e-31,0.2508132043422773,0.292511630064576,0.28672856701255306,0.3223418492910475
AL360136,52.82236167978491,1.2635983014868176e-31,0.22874974369695156,0.26431651853559396,0.27708971491699563,0.26402491989523863
N51673,52.421369627680676,2.1126823955709875e-31,0.3326122479154429,0.2858157093766369,0.3699611316830036,0.38050967316294826
X06557,52.2579121982363,2.605514178813693e-31,0.2783215370866547,0.38696650105218094,0.24773524014518422,0.2386452063571575
U15979,52.07683472059969,3.2870985486421772e-31,0.12797198055734982,0.1462503514775244,0.23117971619235989,0.13014932357987696
AV700191,52.03464845958008,3.470011623317588e-31,0.041380131467664186,0.09071131240191402,0.129118258535775,0.04581497731986782
AI801574,51.96546540546826,3.7923194020902126e-31,0.1438980920928095,0.1883437143489404,0.2353577568605253,0.16488010340998338
AI263837,51.824179978043176,4.54675635018866e-31,0.24563257201839614,0.23216756370374425,0.17607385039706408,0.17420422814266623
BG339653,51.81053591011676,4.627140240368308e-31,0.5868661603249541,0.6369178664835193,0.5795863104933431,0.5217345169810361
NM_000139,51.700788171825074,5.327729148611285e-31,0.13031104603491794,0.15561432565094807,0.1758539316385753,0.24524534381059712
AF312386,51.47180189148137,7.150744032030795e-31,0.1668722183569634,0.11105644123094309,0.19194066304177168,0.1028122270349847
AI269290,51.28065848462805,9.143139816979746e-31,0.1441210977932857,0.10201278616642809,0.1932025579010872,0.2631888959643453
NM_005486,51.20667240713529,1.00560373546019e-30,0.13062921079589107,0.11704435144484295,0.18708534904027263,0.1848418532415878
AL566824,50.80780502720547,1.6802893920435088e-30,0.37043397948829404,0.4091728315826207,0.4019987962357265,0.3763586296591648
D83702,50.63051300168026,2.1113431285175408e-30,0.511233877561508,0.4430127744150313,0.44141138594322166,0.38737474070038896
N36408,50.484724831176074,2.547676704318518e-30,0.2273804403439916,0.22486567993565834,0.32600029400669417,0.3452072491826013
N22468,50.448880675300465,2.6681359179261557e-30,0.5795431350263844,0.5890993400465084,0.4754605958607874,0.3572836923737858
NM_001867,50.27521461213299,3.337665823241205e-30,0.753599180951031,0.7658074596260167,0.763968408571607,0.7051125529200531
AK025432,50.12916564886233,4.0294743357498964e-30,0.3215343619807871,0.3961571293415399,0.3610777359470319,0.33589046673719275
AI282097,50.053340889290894,4.4435665139181114e-30,0.17039174290636658,0.07964842643918872,0.07681644624026661,0.06845223012401962
AI992251,50.03962227101494,4.5229195791498006e-30,0.18780802377209135,0.24752436442308542,0.16800458394425855,0.325486374455829
H16258,49.99599142648964,4.784857924976385e-30,0.21709324216999867,0.15019670538289895,0.26037455093593914,0.20149172755867936
BG165333,49.95130527259779,5.06889658484948e-30,0.19297760665104852,0.10967098875560718,0.21310604774621447,0.17261442931932078
NM_005573,49.94744080593375,5.094240072995808e-30,0.4659138742595091,0.4107881077734227,0.4960308339925128,0.5127887649591579
AI633523,49.64106850345005,7.565968988489399e-30,0.31683228590414614,0.3534807179296067,0.3025333017168806,0.25386588621971223
NM_005245,49.49732583986292,9.109790428898299e-30,0.2566761974450372,0.15290075255251387,0.15495823670164158,0.17629091484948647
NM_000061,49.419488727327106,1.007371415391869e-29,0.4000931627975794,0.49326885878285276,0.4674452907380427,0.4585246894248696
AK002064,49.237362544651226,1.274766139214879e-29,0.3387664213024695,0.43909771649269114,0.31400860840244516,0.3101968786051107
NM_005766,49.20389126193661,1.3311457038833572e-29,0.1639399186076827,0.11789970887424074,0.08529611567582515,0.08126835278127084
NM_003473,49.01036873008012,1.7097218988648556e-29,0.49129543398771813,0.5650250398660008,0.5210504099320808,0.5235471378925235
NM_006379,48.94294909144713,1.8655508699803873e-29,0.07540798364175108,0.12318503724426855,0.11390346421267664,0.17903830732630444
NM_002844,48.867091169993586,2.0579641202025454e-29,0.222177449628762,0.1509696587385759,0.10882062159464169,0.09817552926062147
AW575927,48.75457624967574,2.380587992981124e-29,0.5616697054527221,0.7007069792048337,0.6571933113415418,0.5865286380745643
AI452595,47.96368375294988,6.633926695061205e-29,0.19992431395456467,0.09036791251622583,0.18180353614838676,0.3493174446183582
NM_000212,47.86787676942409,7.511878086248238e-29,0.13888806122816555,0.1935810943071255,0.18187555443162123,0.2163042940719184
AI581344,47.76270479641538,8.610291595145855e-29,0.0819856912619114,0.0971644327574005,0.18809541532043222,0.0785960897716672
AF085852,47.70967950401847,9.223720429815099e-29,0.21149713028256503,0.26192434103805806,0.2054459994028283,0.23582230092481124
AV700298,47.442066027138615,1.3056029158658654e-28,0.39338991421044145,0.4805483554611729,0.459032396804034,0.35565551872863316
AA401703,47.34665903321962,1.477866690729477e-28,0.1327812096420163,0.1982369998524964,0.15377406557072465,0.1679798863654913
BF439618,46.81172303285658,2.962539769935554e-28,0.33834591715536805,0.36626369572138484,0.2952213461876843,0.3090894828702128
AE000659,46.665878618362434,3.581629852371501e-28,0.10893101414761432,0.13140165153792605,0.10425720633603702,0.09787799460477692
BC007230,46.57222653667889,4.045941353713764e-28,0.18368356744865588,0.2972884887479686,0.22652599617661298,0.15664406732634403
BF978262,46.30393437075363,5.737830902656623e-28,0.17685285064716474,0.11472005193526483,0.14783735511777385,0.12350530861768616
AF042165,46.0771821299019,7.710185847435238e-28,0.7310889177366134,0.7439049416956519,0.741792192023088,0.6841370116832645
BC030751,45.774822675069075,1.1436237113552667e-27,0.3337270453777335,0.27523195184570765,0.2231340994714154,0.20609139131252163
BF669455,45.56554068048168,1.5026977337058834e-27,0.5325275493461058,0.5183041885432311,0.5727442326712701,0.5714135142259821
BF034561,45.48960907848192,1.659256547263431e-27,0.46706732225800873,0.4575156888881313,0.5014045346339853,0.4294812637706136
NM_005120,45.121659293839016,2.682900990585975e-27,0.2716516275984159,0.21231188012074823,0.26081438585825933,0.26083203942276717
NM_005894,44.96832076579217,3.278174410659702e-27,0.13137364109931088,0.10464608506692519,0.18475538581711196,0.17154204286634922
NM_006378,44.7112258459472,4.5879964356270896e-27,0.4105395187000069,0.46380021828639356,0.42262966867086954,0.45287732190864033
NM_005703,44.61424496394687,5.208569591871137e-27,0.49741606954314294,0.5189601746289539,0.5116901553094619,0.45595326049383295
BC035510,44.3347440826914,7.508980543548811e-27,0.2646003816567294,0.2572907197764655,0.30742907442935247,0.3125500231981277
NM_005621,44.01266894794887,1.1449397860697834e-26,0.5980285245480887,0.5670069753494946,0.5863574321167943,0.8465162557224895
AI972007,43.68190389502354,1.766380942963964e-26,0.2618754616075563,0.30628068361604266,0.3112142106322463,0.29064153446707613
AI709406,43.512139242587175,2.2069464505300878e-26,0.2909589369243028,0.3607603675894093,0.3199748546265588,0.5079275064690169
AL355710,43.46747424009297,2.340143286522718e-26,0.21003343166309246,0.21056371727930814,0.15695482201453892,0.11742428802820143
NM_012317,43.41364626168845,2.5114130117910911e-26,0.20711805878864997,0.19264930374095146,0.11901328818155055,0.10230163900658142
AF312387,43.38821537960795,2.596643060640716e-26,0.18106118697190332,0.14333561151818952,0.22090070817170207,0.16914096912152546
NM_002748,43.122203912116646,3.68196555458198e-26,0.5149242121623744,0.548992112090316,0.5628516534886935,0.47502008842867477
BF792268,42.88968605998898,4.9972971953768895e-26,0.19399758061253117,0.24954353114943723,0.19930077499278792,0.14926346283146116
NM_007268,42.67780667949465,6.602139711095135e-26,0.17670109100776532,0.20991470745690016,0.24646994759281557,0.19338399466387068
NM_003134,42.51144644762425,8.216671883131505e-26,0.7158512397917038,0.7096202471588231,0.7152560747551083,0.6625801782275356
AL136826,42.334634965383074,1.036860589360228e-25,0.26383024529733384,0.2057669031814936,0.1984886224254792,0.1651409501751322
NM_000584,42.23118591820998,1.1880891110269214e-25,0.5936718636380355,0.6986579712684647,0.7480086142682844,0.763206678767537
NM_012282,42.03629511985839,1.535627022041013e-25,0.13987422744111255,0.15970815289844192,0.232342064703166,0.1697016875584459
BC005930,41.73221314805373,2.292281002068977e-25,0.4849016280896073,0.44800681831464484,0.5028251534769971,0.5440345836240191
AI093327,41.40910389022269,3.509818979373209e-25,0.1464501369943193,0.09491275241087636,0.08984992900185637,0.06097103085715414
NM_001630,41.40559973120303,3.526079385191898e-25,0.15663323220326952,0.15239902395943675,0.22242369690134484,0.24788611330265223
U31738,41.26758422768348,4.230278469916769e-25,0.07777146219410465,0.09181004750860645,0.17161010854863037,0.09094256938023627
AF003934,41.18747205845207,4.70199897190155e-25,0.13527987462280475,0.1516171130057,0.1958900721823427,0.1496843277195166
NM_000611,41.08809407050893,5.361060535068596e-25,0.3884223638136589,0.36472936279537305,0.3818869620583343,0.5165090803490129
NM_014773,40.484313632794745,1.1903571136482737e-24,0.34709370498536923,0.37317880007285104,0.3825388593664429,0.3794800978760386
L07555,40.289802056784765,1.5395524979108064e-24,0.7085890683405306,0.7353687923920306,0.646389106397267,0.6054685254429661
AI768723,40.113557431978826,1.9438738052703e-24,0.44913084476912785,0.4750385436579145,0.45986585533572544,0.5080607983955118
AK025615,39.77010728456158,3.0630358230175238e-24,0.45568899043041083,0.35696312890462745,0.45928987272170735,0.39235229894172313
NM_016221,39.59052315194482,3.885813610904984e-24,0.3896271030700535,0.3378455128347823,0.3957787875071574,0.3751918905696204
NM_172100,39.41563568049179,4.899536231948881e-24,0.19719714068149757,0.2411592425739212,0.20474442522175584,0.22399678895639824
AW467471,39.278640809574604,5.875525092883822e-24,0.23796668387693146,0.24485308057648225,0.28525498374600816,0.3654157176267269
AF098114,38.906129094622294,9.631760914370821e-24,0.0508749946279541,0.0607336552613238,0.09000123616902281,0.13342937612689515
AI189839,38.87609312516957,1.0023577055681679e-23,0.11443408826096926,0.15976877076716361,0.127618568731972,0.15635708035078158
BF693956,38.280825268979186,2.2105178960697092e-23,0.27806651276117617,0.2987959527642415,0.24670152244400892,0.25686802559120714
AV693734,38.21292412448907,2.4193923186879016e-23,0.2009534467045867,0.18960090531704296,0.14182370064548191,0.13655564656784375
NM_007046,37.97454930512977,3.3221494504983276e-23,0.08454313106437582,0.056425916630271744,0.1320445749080642,0.09001438038120436
BC004354,37.86158795565411,3.861071961849634e-23,0.3560220235531483,0.31341857966114195,0.34443122971846435,0.332121316083642
AL833104,37.76096634380905,4.4144884621593785e-23,0.09285838432383614,0.06651889356314931,0.13073309715646989,0.14928052905773706
M73554,37.681810132953636,4.9051639438990925e-23,0.09064326183886455,0.14685436342115898,0.09315790778437287,0.07919520624306838
NM_001551,37.27052216207311,8.484665558096016e-23,0.5220549570037685,0.5465266292105244,0.5452480362547047,0.4860090266826541
NM_002438,37.143923630615554,1.0044719669666209e-22,0.3094791071873944,0.2084820048514172,0.25698173023100784,0.1994282412667607
AB000221,36.773967359709445,1.6454517199680244e-22,0.12151074972230123,0.10203397884289049,0.1727435277187871,0.18389753083330254
NM_000733,36.685703128491,1.851202538995292e-22,0.25358295136498754,0.297173138912217,0.22862439677988977,0.21201739079037377
BC005312,36.56324619004764,2.1800377887222223e-22,0.27983064636392646,0.4554488597602784,0.3028554252352464,0.22453178218457592
AL390172,36.492037781010225,2.3975427760482876e-22,0.46002080728120487,0.35624529228777574,0.47070302808447106,0.3937433680822684
AL118798,36.38146261810465,2.7791822910939994e-22,0.5526050848014857,0.584074577953242,0.5193039530214169,0.5172731488250023
BF725121,36.26043242418797,3.2670356570871933e-22,0.34748604214844214,0.3945819353252524,0.31388061780641985,0.3317783355366351
AI608902,35.9100239881887,5.219468356890147e-22,0.18124127231640827,0.231268663100804,0.1976697612771265,0.1729864809922007
AI824977,35.86387504438635,5.551842637727076e-22,0.4024632018093669,0.4492375060978821,0.42913875088153647,0.3874648053978765
BC028091,35.78167095820656,6.197300273270346e-22,0.09161638458784875,0.13882483451387487,0.1265668190113389,0.14591618324088498
NM_002772,35.71368699165523,6.787545071015963e-22,0.1648789394653291,0.10991618559619151,0.09175583456936456,0.09464630741236169
BF508835,35.572602636346346,8.198385365840725e-22,0.36121604003764074,0.3090803274876961,0.35027973577090277,0.27890698975601874
BC000076,35.52960709618491,8.684172861672568e-22,0.1467751777354936,0.2047269650408802,0.14883668567072095,0.16481648333543955
NM_005180,35.165629353421004,1.4140851678641192e-21,0.5544502586809867,0.563446970680092,0.5718683044966093,0.4791083599245826
NM_002356,35.08610635324535,1.5731303529915338e-21,0.48774073012771274,0.5819313961242322,0.5377321544788227,0.6864323117012201
NM_003165,34.95614353101169,1.8725531966405333e-21,0.19300747776421112,0.13028700422802114,0.1752167883626247,0.20980243341520774
BE645551,34.401680543331814,3.940430566972797e-21,0.15022887782099734,0.16496749428977195,0.18588030036060493,0.24441671128882922
AW007751,34.35425337075536,4.199548059594281e-21,0.22856629708431525,0.29219306882997415,0.1830109206358051,0.16417792837980183
U38276,34.24921561933458,4.835828826534315e-21,0.2149774467929292,0.17747795076172343,0.17886493652732863,0.16241061583507896
NM_005230,34.0740703344138,6.118838977256116e-21,0.21280874563551969,0.16692887573554047,0.17335645476508352,0.16205999116564906
X06989,34.046203579309086,6.3523376173472034e-21,0.39807804115116596,0.389037223116255,0.37607817825814166,0.5506017589291861
AW043782,33.816764445342024,8.647491112287921e-21,0.14145453196604219,0.1533862069477072,0.22315610535370353,0.15994297894974088
NM_016139,33.68483536302257,1.0326452364454009e-20,0.6906615315910873,0.6896212910801046,0.7177205194758998,0.6733876217243282
NM_001779,33.32718559422238,1.6710389225434613e-20,0.5379448161212677,0.4944934367127559,0.5496685342566049,0.5861316912396011
S76346,33.3088745993907,1.7127494998952755e-20,0.14387551385059166,0.10874038925080046,0.16356038854453814,0.10622501269329432
AL117607,32.899637137639616,2.972504586336063e-20,0.24624898578061663,0.31625298831910525,0.30589804924473696,0.24450353879568193
R39094,32.8395851229387,3.2231262299137654e-20,0.3782565340468096,0.40831989163084875,0.40055678106467546,0.35890052450257676
NM_017650,32.457360088101794,5.397071676537728e-20,0.13297543530042685,0.19640783094879602,0.1366030741156829,0.13205391917984158
NM_138939,32.290543629331324,6.759817316925996e-20,0.06311491647080536,0.07507838772998865,0.06937485297866426,0.14175993043842705
NM_020404,32.12792361273187,8.419598731590889e-20,0.2847945339841033,0.2584982142638306,0.24539052692861643,0.1916524993125783
BE738425,31.971972566835003,1.0393786101486505e-19,0.43077201437239254,0.43806013137982364,0.4752677241883853,0.45985035702239635
AA490685,31.718558811346075,1.463877843393274e-19,0.2140216600948757,0.2259543264905612,0.30844973305291007,0.21149196692330893
NM_006016,31.60487142954688,1.707102933533798e-19,0.6862763273059775,0.6878239384180382,0.7202591900695623,0.6908495647962704
L42788,31.58601137917867,1.7512000939890494e-19,0.06383546744633484,0.08988832112230785,0.048225042398417434,0.027277686051093028
AF263279,31.480937115349075,2.018612501039187e-19,0.4737866782677283,0.4719451706117719,0.5074856619890562,0.5181337678155234
BF594695,31.20221872349862,2.9433467246262775e-19,0.25676025173396144,0.29390676726708936,0.2950160094475237,0.3493827428928642
AF132033,31.154978563814513,3.1377137325487947e-19,0.34359767103413924,0.3048015133741033,0.3326811276753125,0.318981881405032
NM_000634,30.875972972045247,4.578295647654038e-19,0.19981975294649604,0.19549005276637496,0.1888572613378907,0.28871109700480174
AI734993,30.64848642821718,6.231304381391244e-19,0.2808974996004083,0.3207195226951868,0.31648852694997065,0.34520201974136894
AW016830,30.37020437665443,9.087617023565343e-19,0.3837607682879091,0.3621586964854711,0.4037373703741378,0.2798089589490447
AY042224,30.265988447588843,1.046763191336736e-18,0.24678549508846134,0.2874053248876259,0.25405777747297115,0.25827836158663725
AI797263,30.253859811875536,1.0641308007391036e-18,0.0926054885430441,0.065586661056415,0.14106292728740538,0.10778334979942539
U66146,30.12359716676486,1.269882036008116e-18,0.17834453104456904,0.21479624527101782,0.1708532817560295,0.13909685148229436
NM_016579,30.100047437358505,1.3111268441671143e-18,0.27074400804629295,0.2636316645780445,0.2423346288328273,0.16868770157181945
NM_003651,30.042607215874423,1.4174446235805773e-18,0.6895572443347459,0.6886012256145477,0.6448077133309517,0.57238729748615
AV735241,29.81766203380077,1.9237964697384505e-18,0.3282544791630102,0.36918442246783145,0.3610040668093741,0.3975030523399975
AK024454,29.741911310794247,2.1322930689018295e-18,0.24421787735741216,0.22340280534738857,0.2834950783489279,0.22944988232365882
AI095542,29.69719639817311,2.2658417633400165e-18,0.22572711933993764,0.1631854459769112,0.2444332346740516,0.29141924114421364
AU146685,29.282163992964065,3.983326297735928e-18,0.08096453041231277,0.11381311387114447,0.13319693480034864,0.08350951789856648
BC007973,29.22310576912816,4.316498150365423e-18,0.42729883480372777,0.4558215285906812,0.4469691903442725,0.40753341760746276
U19601,29.152935429106623,4.748842363064397e-18,0.09552854826191115,0.07079132722557094,0.12248294766456004,0.0906934630082444
BC020749,29.056249064053205,5.416530300674517e-18,0.1708893293227548,0.11255148317829906,0.20786666980009627,0.1786497184183708
BE379006,28.956570483208186,6.2035026182589246e-18,0.34328193101314236,0.3551195436137638,0.3394905340926657,0.44052731644275583
AL563795,28.93932949831749,6.3508060695985656e-18,0.3224447680585975,0.35234640526117655,0.3216571938318965,0.31383208739896157
AP001660,28.74776137539992,8.243316631630348e-18,0.1452088354811192,0.13072348020790062,0.19000790717446242,0.24396485575409824
AI433691,28.586187187019576,1.0272621237374738e-17,0.2608740355994621,0.26761922081500167,0.3452268829822888,0.24812507031615394
NM_001459,28.551578306298254,1.0768596400612025e-17,0.08166279397966819,0.11883748742016936,0.07982688199489554,0.08245679240153975
NM_025081,28.542919740985475,1.0896388579009335e-17,0.17697912768392457,0.1447885846365479,0.20191363527816414,0.13691508292415472
AW166098,28.153424875228072,1.852970159748374e-17,0.2800549515715262,0.2892615393055642,0.291855823553026,0.3571690889291985
D28586,28.13200368825431,1.9079035123226013e-17,0.32856800247821105,0.3121854459340311,0.3428731395261442,0.38873521429161695
NM_018586,28.116337529388694,1.9491086521956933e-17,0.18268598693235,0.16363596776303863,0.21801952163576505,0.2480889823894169
NM_014358,27.927039073181295,2.5234373705551503e-17,0.19930188365947082,0.20738501304501225,0.1629256330836376,0.2237056362074475
AK092824,27.849532046003162,2.8049764214282416e-17,0.19455348912182205,0.23531040514697504,0.2205145470290681,0.1517612702798012
D10583,27.7023456510496,3.4291554832086244e-17,0.09544337410351622,0.12814529064869837,0.12906200779377258,0.13558465666895694
M28825,27.6569047950862,3.648653674234354e-17,0.19513117408362823,0.16530948247021765,0.13049386350387268,0.12427128089028737
N66656,27.417835017704963,5.0576058643070164e-17,0.12916617381061776,0.06522101404799645,0.07881117588025065,0.05068246458202252
NM_006214,27.333970793021912,5.671675723675316e-17,0.42634805958342115,0.37480610351270766,0.4310036804889427,0.3785604772179626
NM_024533,27.07908223449193,8.035789519954574e-17,0.1501915138214827,0.19677656946334407,0.16718401735220906,0.13762278794202693
AW002361,26.88054945820486,1.0542756914898405e-16,0.27413024078336884,0.2500600081707355,0.2714854851944901,0.20991225956484333
NM_000732,26.762432167688818,1.2391988649874214e-16,0.43251993633601643,0.5086719354748223,0.4106720306182186,0.35139025921045347
AL577976,26.73122079574975,1.2932739973914073e-16,0.1795426447952696,0.2248785286858867,0.1995537291617941,0.1941432128552088
NM_014668,26.713314270988846,1.3253585354472245e-16,0.12299530168780587,0.07121647122504685,0.07973899129064256,0.034132701176933414
AI201858,26.579065615141303,1.592719773074242e-16,0.1525837342797377,0.19681585512520894,0.1703618231957873,0.17314497294814085
AI363206,26.501805198540094,1.7704334237467056e-16,0.1467854504627304,0.1329016218979682,0.19967840819217353,0.11765371856474602
AA156723,26.475152682630284,1.836240554888593e-16,0.16120726102108665,0.08590868248344882,0.10774060223498004,0.07248362324871988
AI860150,26.293340208367947,2.355475809568375e-16,0.23911473674511693,0.20530908750291552,0.29946836268217647,0.2598405151173126
W90039,26.021790791049387,3.417390093037794e-16,0.3603241947744418,0.3830197754037028,0.3947485315428634,0.3843777741110603
L06101,25.905730516220856,4.006833264559558e-16,0.24600451024368816,0.284301753317002,0.23766593559706722,0.20275443099265883
AF289567,25.612157283274513,5.993650999646879e-16,0.16208817395851566,0.1959697422316055,0.14205069713664137,0.16075798708858882
NM_005823,25.467627266810556,7.308649689739961e-16,0.09212799683809195,0.10953967894706483,0.14546952613879444,0.07763682219178179
NM_152327,25.37469888398669,8.303129754783172e-16,0.12037975029510431,0.06725431102001843,0.07936266518165341,0.07926801464325467
NM_002102,25.327324824197124,8.861175507985614e-16,0.13879778024039888,0.11990296009943709,0.17425654142196312,0.1977474855822186
NM_024049,25.313559657501436,9.030259021607513e-16,0.15491133260139084,0.11981368480930069,0.1004377434941567,0.11189365096736786
AK096168,25.312972376788196,9.037544297699338e-16,0.4251833970940441,0.39116685149035874,0.4068860711986453,0.36141122842943946
NM_006930,25.285228698805373,9.38850069899677e-16,0.6135144589827695,0.6154737593252447,0.6291523021482772,0.5876500135244326
NM_000484,25.135739955796865,1.1528351672299588e-15,0.47250437136705314,0.47787919483355834,0.43695795937560883,0.6257601311040479
N76327,25.006932180726857,1.3760276517166268e-15,0.16733302222431312,0.18708367329847284,0.2025113653401565,0.2073510288325853
BF513346,24.761326733915947,1.9286142224605e-15,0.22523236325237084,0.2079400779357188,0.19496145405614543,0.10844262388296594
AF088867,24.71200128621023,2.0639597880434295e-15,0.044744464936463266,0.04821808622140076,0.09040939712857081,0.03942012119507634
AV648669,24.591856337677125,2.4347980593110574e-15,0.18056222922681334,0.1961215619579398,0.14489445419699418,0.1680288643164691
AA126505,24.32777244248979,3.5016237628332413e-15,0.1533044034512628,0.20399350104735622,0.20312727150119528,0.22106923041648646
NM_002965,24.05876018985469,5.071322815666169e-15,0.7308923832457,0.7311768335946501,0.7655301784031122,0.9034043300983517
AW003091,24.007895974888097,5.439338449935841e-15,0.39386778748636947,0.36233848666591484,0.37378037909357464,0.33027702777884727
AU147993,23.907857461667202,6.243029738973168e-15,0.17204562574411408,0.1788006047305616,0.17402444654850993,0.25539573126061016
NM_006725,23.65422469087805,8.855167194329012e-15,0.051941649103697404,0.07435393365854516,0.043101000473182285,0.03461773319949592
BE045816,23.323482615874642,1.3972770187104821e-14,0.10522356874164226,0.06930821450409493,0.05792607207816994,0.04914899571625474
NM_020998,23.266478951079296,1.5116039233258893e-14,0.19931648118280457,0.2281392745158875,0.25154992171240687,0.2260138330937819
AF129926,23.261266512151504,1.52251446163424e-14,0.2749985892052224,0.30014291823790545,0.29885854279252805,0.35570349977460025
NM_005387,23.18890356603779,1.682390742550821e-14,0.32300110947374905,0.35224251115875405,0.3487999575495256,0.3486599284549092
L21756,23.068604124238856,1.986257201018723e-14,0.30420014846625676,0.3020411234364731,0.33809993192843424,0.30635643351909725
NM_022726,23.039884046808382,2.0665861188531132e-14,0.12365543903220112,0.07484851669095739,0.05159231267257045,0.05287666773683455
U37055,23.021966474989615,2.118341018220448e-14,0.2340792239891417,0.2714692700795735,0.28063277500148887,0.26119204610586166
AI198794,22.77322038539106,2.9865890644659654e-14,0.1677321129875822,0.1633173839507413,0.13605340732015123,0.09805122953514722
AF001602,22.61341357027608,3.724435444629427e-14,0.22043190051912578,0.1596595120767548,0.2525416499344407,0.20070630372610213
AK024681,22.4269612550917,4.8192210278351597e-14,0.3638065691114566,0.41050375117782806,0.37241732485679335,0.38020460411559714
AA022668,22.323509491996607,5.560236210898334e-14,0.09595720263768347,0.05383819581367044,0.05855861631202137,0.07932588165669247
NM_000174,22.287052268633765,5.847725937615007e-14,0.07181508364924873,0.08132390838257875,0.09366800113860155,0.14138285902350442
AL563236,22.244863714717997,6.1990462880836e-14,0.19363436560838598,0.16216620081202582,0.22837891340516656,0.15642189702322312
AU158444,22.003655901063894,8.654404227624764e-14,0.12929406480430072,0.11515174734598728,0.16023012079255017,0.13235454107526437
L14458,21.69056062053923,1.3349181959339213e-13,0.14664570541535463,0.21912078416360078,0.22504527446839248,0.15017229275301447
NM_018040,21.639212631316557,1.4332933236006845e-13,0.2776438704683283,0.29650745698042563,0.27464730486795597,0.22851981049360232
NM_001666,21.60984508758987,1.4927880730700522e-13,0.3977269921280922,0.4282218055634559,0.38786673063144145,0.39934401456699814
AA282495,21.483479639016846,1.7783353249553489e-13,0.26834018839471935,0.23966613092817338,0.21671788933676045,0.18560273728744928
BC001526,21.441400788909753,1.8850854064897992e-13,0.28578135789876136,0.30555581169415125,0.2827434129215748,0.216833473811316
AK022784,21.290532002478443,2.3233940095712567e-13,0.14897747079514975,0.08456176143770307,0.08894229307045963,0.0640846167171244
NM_002183,21.219232715523077,2.5647250324243965e-13,0.2245722177797296,0.17301426130005082,0.24604216070867468,0.22384705602429633
AI452798,21.15362694989777,2.808908151452679e-13,0.16188588525476197,0.1303197141620822,0.11023944752029932,0.11645447882975266
AL050002,21.127164250029296,2.913872360048126e-13,0.19439941255585078,0.13309204637344127,0.1871117572209541,0.11732280312842414
AI279819,21.030582388024694,3.331421271780408e-13,0.14065652550091337,0.1496084192531962,0.1018783696691582,0.0890842867625314
AV652437,20.918029179858078,3.894230122522367e-13,0.19825878855238302,0.22361973000352392,0.1782865226196292,0.17754310200553994
NM_006110,20.673068390104284,5.470433119242145e-13,0.17723951751255185,0.23137536697690905,0.19014891614079307,0.21983690637835246
AW512988,20.54915240426091,6.497056557270346e-13,0.1891272863706386,0.14026130645492665,0.14334328306280808,0.1362960036454159
NM_025050,20.402559533977872,7.963549982535143e-13,0.08893271298131719,0.11420510417510625,0.0793055644664725,0.06522375045257595
AL049313,20.23453903976929,1.0056597968006244e-12,0.1430954673304009,0.12258179050394757,0.07088766544549963,0.055152190253571695
AF230904,20.097926399220146,1.2158448108418641e-12,0.5716907158493996,0.5591540379363273,0.5909755057166058,0.5953639620958373
D87453,20.073429214833627,1.2579442275342435e-12,0.4478714144831404,0.45063295017314864,0.47178594681075575,0.41972393767778265
AF427618,20.07279901971529,1.2590462929583212e-12,0.18881520925414405,0.22480305285833557,0.2016569125658112,0.20660706730776063
L14457,19.889309752666513,1.6247854261660607e-12,0.19953756490636862,0.25117134438426814,0.24875881171383055,0.17487405474449313
BF195207,19.87360535970991,1.6606465349399497e-12,0.21388455887043148,0.2515358243939243,0.2382237733185929,0.2532045118683993
NM_018326,19.837841064924728,1.7453008489778537e-12,0.21417074517129045,0.22715470426861312,0.15070068260386643,0.16969947586225906
BF967998,19.66099521210742,2.231859783222172e-12,0.15335832902555005,0.16348611114680264,0.17124836825573608,0.2859634431295617
U66145,19.622105435402133,2.355904246529146e-12,0.11648649520479963,0.14805693412789062,0.11276207111254044,0.09275768123307206
AI654093,19.456391606936357,2.9667146180725702e-12,0.17737754865190652,0.17922767027937475,0.15489804683206065,0.1104447860703912
BC000836,19.435598274832735,3.0538012960673214e-12,0.6152861898918764,0.6442782886420624,0.6054892305734093,0.6190627355908239
AU143947,19.098121202152345,4.88480616177193e-12,0.09828685900333141,0.0875690016720664,0.07033860595472853,0.05262733105472614
BG230614,18.728812732080108,8.170681428145967e-12,0.45413781080070303,0.4613937800612599,0.4257077508386775,0.44590257114709114
AY039026,18.726888477244454,8.19261948521574e-12,0.097126034254378,0.11887915775952039,0.09604572778719872,0.10381735741637296
X95660,18.72056525287606,8.265125604024563e-12,0.13345686096079656,0.15438635263396502,0.13707830872706495,0.1364559507658055
AI446414,18.667691555173906,8.897118025503692e-12,0.13850409049250256,0.14475082070075515,0.17400885363207252,0.14390273374873538
NM_001765,18.613660710948686,9.592970238201562e-12,0.26307207404917804,0.29778350694773065,0.24312539363881494,0.21454118270167094
AI962897,18.58404400201341,9.997259973046959e-12,0.1529621493729225,0.18293536201763883,0.16748993342981502,0.18933653640885695
AF103529,18.534927351234057,1.0705701581464275e-11,0.19825648830203904,0.27037525936206686,0.26736682085936403,0.21808864254244542
AK026366,18.53339023564357,1.0728665794880565e-11,0.17522475811644297,0.22936621819178765,0.19709039293954345,0.19681292347783266
NM_004114,18.471720846399062,1.1691851359121752e-11,0.15887805217783044,0.12259826509729971,0.181269942337089,0.22741331056106917
NM_012093,18.36421586823717,1.3582599913354592e-11,0.10730138406426641,0.09951976222233681,0.1379625899680974,0.14888058966675466
NM_022113,17.686977782258367,3.494638683097696e-11,0.15105107649541336,0.17283142472416924,0.1692959231773848,0.23522379474584446
X61079,17.588562502336945,4.0094876542434935e-11,0.0997634277326042,0.10775201800004246,0.08792965826107338,0.06875807288925828
AI829961,17.467581003911796,4.747629283305951e-11,0.231957694344701,0.2872152171934707,0.2355805473974707,0.18135993303947678
AW235567,17.362950069283706,5.4949030611891843e-11,0.1365454756519159,0.09109402064505163,0.09468906942812967,0.09640616949561033
AI732104,17.293332408670896,6.056287298883193e-11,0.1906328520677779,0.15810205542997216,0.17283073837365157,0.16424063359235605
M26463,17.181006806704175,7.085675530259883e-11,0.08423329122581331,0.1120643055946704,0.08447515412962162,0.06076435707942693
NM_006709,17.126446723876683,7.647176025558789e-11,0.3127513231983015,0.29469036012259214,0.31365588140684814,0.24243302496020183
NM_020973,16.99096688463732,9.241799123015941e-11,0.17798479558011399,0.14668073285889782,0.14186027911691004,0.1420279070734978
NM_006400,16.873394763371657,1.0893217439216741e-10,0.45471612972403885,0.46261000381743356,0.47512496793316494,0.4694161636884822
AA831323,16.60635729625022,1.5826352703025848e-10,0.22859984042481818,0.23156118782763746,0.20439940879433074,0.19581475611342944
AL120181,16.265164343731264,2.551340435820396e-10,0.11601152969097052,0.0750648323790355,0.07293179315869998,0.054605057939540506
AK021780,16.25287922280925,2.595601581188289e-10,0.5461512913397693,0.5624881106338421,0.5729884763867938,0.6108654848364896
AW207243,16.25175786822415,2.599679717216634e-10,0.12858411196540237,0.08921445252026045,0.13225367460544818,0.06727216648327748
W94001,16.231099832194346,2.6759670711808477e-10,0.22302540366264456,0.2514377331934901,0.25663992139268016,0.2434608087290166
NM_000305,16.049657494964702,3.4500431648738555e-10,0.28825713955763077,0.2635010045320425,0.34055774180936094,0.3016333153774573
Z49258;,16.00616906594689,3.666714474026851e-10,0.0942670838979987,0.12824097903885484,0.13091383701741174,0.10425929705677339
AI824078,15.91875699494098,4.1443167928444366e-10,0.3236302744187073,0.36293295978368084,0.35912816438294864,0.4062690637832464
NM_004403,15.636341838008246,6.156164462843461e-10,0.22037273436921453,0.24377650852051844,0.1733937397733302,0.15831748127590778
BG255188,15.606674833515928,6.417533359668271e-10,0.5538950801032398,0.5498754597162898,0.5751786594956766,0.5672735391661179
NM_004488,15.586386309402336,6.602645969890389e-10,0.11930410972894642,0.1377360680718211,0.10603894964077941,0.173714641156758
AA309511,15.584883145937495,6.616571685860089e-10,0.12306134995722443,0.06871908726141188,0.07288756485165965,0.06814936374119199
AF156225,15.485948994997573,7.600839797540778e-10,0.06695601052562962,0.10174420649747715,0.07886106499601228,0.0853194216872717
NM_002248,15.290866394905752,9.99197957148808e-10,0.24005273534540394,0.19437458908051755,0.21388827942326263,0.20787810534238824
AK021431,15.215759603838418,1.1101858924249854e-09,0.14846165304674575,0.14830038552604743,0.11954450341220582,0.1092649780993545
AL136580,15.058275118165666,1.3846189943584715e-09,0.24450921986696378,0.2546704653886301,0.27147686909811736,0.24382666099903202
AW070877,15.044008295833422,1.4126102991931356e-09,0.11686295570021736,0.13810159847580436,0.08707738274360505,0.09003910581516314
U41815,14.979468527983547,1.5464851723727369e-09,0.44466180730303495,0.4430060501088573,0.47539790658867315,0.46463985706484595
NM_002524,14.736188393515242,2.1757513313894177e-09,0.38964397829333575,0.3878667919193139,0.4132053298940918,0.36589710189159524
AL035587,14.63212861954688,2.5179310317200402e-09,0.32205844872178296,0.331651291012261,0.29284912869624125,0.3075234997411107
AW269834,14.601171238057509,2.629767135727388e-09,0.48766014601932756,0.5135663190722969,0.48942142377103814,0.4435220492440601
NM_006226,14.520340542874877,2.9457821075082696e-09,0.14425893029766246,0.1823299535263314,0.14036992441768606,0.10655105356560197
NM_000900,14.509667589904193,2.990256719201769e-09,0.05168125006517635,0.05951345728352697,0.08462567879738657,0.06151502015242399
NM_014682,14.49100183091866,3.069659519581185e-09,0.1131906652488797,0.06037666752417709,0.12829968125825741,0.05651071091550728
NM_024824,14.484028300875936,3.0998630283009273e-09,0.3615205113289006,0.375200898461201,0.3871919765256722,0.3622275459211926
AF072930,14.441864879783234,3.288923065736972e-09,0.23525420183672602,0.2673665076761432,0.2623916302793134,0.10589565593359433
NM_020411,14.409198892020955,3.443297087280639e-09,0.06175273645470569,0.06502431334302866,0.1061981450929397,0.0572122719442082
AF542051,14.344622496684773,3.770145193654252e-09,0.5852648980163653,0.578448483335318,0.6076542100785771,0.5932444098383883
AW469546,14.323136907471321,3.885638878936322e-09,0.13362324872794304,0.10319025135198251,0.14786804032037287,0.10043716561157515
AF427620,14.307158604179312,3.973819071169814e-09,0.2135522379326301,0.2396917121508454,0.2266324335267108,0.24489016657651858
BF592034,14.294076646899004,4.047504507852543e-09,0.10431598110974623,0.08577241335960131,0.08491505665527042,0.055301423720625596
AL355815,14.26632790154458,4.2083611050564e-09,0.34462110399174584,0.38762921195492966,0.343447972995008,0.3391934220874032
BG482805,14.225645751818318,4.455831370654788e-09,0.12232449413955408,0.12355879881568568,0.1858259997908606,0.120939664965019
NM_022103,14.222949957905891,4.472735412657478e-09,0.1407547377540149,0.18791901433195934,0.17000736879703052,0.1307979442699011
U36759,14.15503629600336,4.920432741285477e-09,0.3738288395790332,0.3846841257081253,0.35127258184818905,0.35179889202117914
AA749085,14.134560509873165,5.064016850832823e-09,0.3391762227204483,0.3725468381170482,0.34788584216327517,0.3201586358075918
M25079,14.128328234501883,5.108546991073437e-09,0.8509823891821258,0.8127200303890031,0.8974802541593633,0.9193928241729736
AK057554,14.097698652694032,5.333160892521792e-09,0.10288527482904819,0.06548718565520889,0.06276789408789564,0.06263944496357338
NM_005816,13.938059192333156,6.674128764272619e-09,0.28932536101618084,0.2480219655006118,0.32510248050890894,0.25923501960066864
AI769774,13.917191364797493,6.872732441427239e-09,0.14482529234534147,0.15916725989226807,0.1297391194792225,0.11358291551817293
AL117468,13.883322317511757,7.207741816114111e-09,0.12499430336361463,0.07597681223061171,0.11188148515134082,0.08716973119826857
BF197009,13.851670081225835,7.535585065531851e-09,0.21868407124719677,0.17344626940134522,0.23494826094519186,0.17431084161927538
AB015228,13.8080062555408,8.012479051397079e-09,0.11398819627970833,0.06934989557674211,0.058874406957824914,0.06675064903792251
NM_001784,13.784298396385097,8.28395053686472e-09,0.5177702955354792,0.5427988981395834,0.559594204859511,0.5671988781108412
AF059180,13.744804035196664,8.756785775456161e-09,0.8069337344634424,0.7733051583548135,0.8423543828702622,0.8657133094100065
AL576908,13.743940129458942,8.767425105716418e-09,0.2293385271358928,0.20054228568473195,0.22883556994830587,0.2058465077086937
NM_003292,13.680770646223634,9.581492681829029e-09,0.4859076569523286,0.503968038136446,0.5006179579964871,0.48751914362574733
NM_018224,13.587408878385677,1.092523176711799e-08,0.15702210796501392,0.1632350375266738,0.12886556547048142,0.1551237338070952
AB033823,13.548016424592394,1.1547337785072119e-08,0.1110239084713896,0.10604452777198098,0.13850331627528265,0.13440490154506154
NM_012099,13.518450186076898,1.2037448599287347e-08,0.2367899427275866,0.22737322574803603,0.2591724505046462,0.2248304441224697
NM_003054,13.455752021913817,1.3146767439273868e-08,0.1338993006657143,0.11507029760381372,0.15007528582685686,0.19565105654819076
NM_003866,13.396507462463514,1.4288856124312304e-08,0.2082959842436131,0.2504422438433119,0.2287618926642934,0.16312231041144498
AB032996,13.315027905917146,1.6023537238539794e-08,0.11191275779482558,0.09257349532140804,0.12397247105691915,0.13361735286754237
R62588,13.135657669855787,2.062149660391799e-08,0.06615383530552542,0.08510267882379961,0.09117703791707754,0.09916942220094596
AK074849,13.057137015736993,2.3029738920038172e-08,0.13210317915318315,0.15604732940091362,0.12824998115794556,0.11862246748493166
AI797281,13.045844116098808,2.3398514662021586e-08,0.20507164413980938,0.18202483007990866,0.16646371923155126,0.15507694359782134
AL134428,13.020741214439958,2.4239572575493087e-08,0.09108165592818153,0.06917976776780442,0.07498118332369753,0.06476719816063724
AL519710,13.020151042090657,2.4259705799581207e-08,0.13223577825749858,0.17326464871817004,0.14689309016986232,0.09661139543493123
AF130059,12.940064910433252,2.715296701959022e-08,0.37352888337379203,0.3442220357148456,0.3461696397701591,0.3402408538169639
AI217028,12.923170555799482,2.780610305938082e-08,0.08575413493950074,0.0884983812877319,0.05694022544583574,0.07795597613940748
S67238,12.919262202603274,2.795942585520124e-08,0.12877155397484646,0.15592218006524858,0.138782063172949,0.11129871213288846
X69383,12.915904947413834,2.8091804723607506e-08,0.17435824384895768,0.16121040536130027,0.18379403055004115,0.2220057836452196
NM_032903,12.91556635638052,2.810519037176755e-08,0.2369622634296571,0.21492639033886202,0.21941949864885688,0.17442995864291527
NM_005907,12.89773771263532,2.8819108668945428e-08,0.3356244350962956,0.30959553148927565,0.35077854415496035,0.27271611156851744
AF222343,12.710023703482374,3.753135859774852e-08,0.08821735911150334,0.08997583546762193,0.06541034725498307,0.057244767034209755
AA531287,12.70940719286484,3.7563934914245935e-08,0.07129164044093768,0.06813204143086314,0.09913854561709881,0.06463266863639276
NM_022161,12.70638276312415,3.772415563923512e-08,0.22666372483544944,0.21875927110010063,0.18820628128105105,0.1997094327627226
NM_001142,12.504749554213715,5.01031927710954e-08,0.163822819239571,0.1831276099107185,0.15692674024356712,0.1483107410198035
AK025833,12.48415501445179,5.157687180408134e-08,0.33194712318753433,0.29565194859031885,0.3069141527732059,0.27101834049058515
NM_001764,12.47763599398715,5.205233046004126e-08,0.16401730509850823,0.12416139376086464,0.10861365505628261,0.0985571409164127
AK026733,12.301787960927363,6.667276600416625e-08,0.14050552330338698,0.16745199001971872,0.13362372578538467,0.10152313342794421
NM_000425,12.281030156510155,6.864997436301474e-08,0.07178719202777449,0.09337472826446788,0.07282970771410936,0.06744706032927647
AL525086,12.12556939231627,8.544786360231375e-08,0.30042270468462495,0.2691833932377115,0.2677406126973926,0.26542831506840026
BF678830,12.113515194282197,8.691057897747574e-08,0.4045466933358854,0.3847065631473115,0.3604747952117878,0.29080919020397716
NM_022870,12.018339408309311,9.937512208888557e-08,0.08757411675269232,0.09602333530037024,0.11669793444167433,0.1185001988223819
AW474916,11.983404288216114,1.0438631002304477e-07,0.182773906562409,0.19811558026333148,0.15990783739835024,0.18434788000791572
AI825833,11.902208899819401,1.1703183478111296e-07,0.277979486015275,0.3320757808313088,0.29673465311976605,0.24847705428336941
AJ239383,11.769705701900774,1.410432152551002e-07,0.11984148533072819,0.17452380743873888,0.14189929467832477,0.11441393317871315
NM_016061,11.721969336750632,1.5085271552088953e-07,0.6888861598088107,0.7051239637382926,0.6742197963978066,0.6720444407573966
NM_014619,11.64694247605442,1.6766797102673264e-07,0.08607363801581973,0.10722788669687663,0.07999966231334216,0.07976249436479671
AA456099,11.639124218226753,1.6952470589135389e-07,0.1809728724162154,0.21651132858283664,0.18593532807313282,0.12894392568011617
AI801973,11.588001178177029,1.821833342131258e-07,0.18654342897988244,0.1877517759611335,0.15911831435700335,0.14236024372972725
AF195969,11.583260974788452,1.8340392564135602e-07,0.08392780386322658,0.10977618581760784,0.09181769997975879,0.10517550293399497
BE878495,11.520972040586232,2.002243505837152e-07,0.30105632633705615,0.2569323946458567,0.2623054093105088,0.28027985816778145
NM_012151,11.464360974995122,2.1684671362555943e-07,0.4822105888721593,0.4670232579049179,0.485007180430082,0.511434136435043
AK025286,11.410280067298142,2.340140794349251e-07,0.19319544394218596,0.2165524860537505,0.21043728335474254,0.1964971073145091
BG287153,11.341018873372711,2.5800063101798274e-07,0.4645148321661517,0.4714987733821829,0.4917661576071602,0.3855916320584542
AL049381,11.320002604178626,2.657543175265243e-07,0.0946863229509866,0.0742275288695949,0.095379716260558,0.16131005713412935
NM_004263,11.244058065084099,2.9576791626593035e-07,0.16304595970095848,0.18473365189279686,0.1564463367359532,0.16502917423671076
AF272374,11.231754729841658,3.0093985529376955e-07,0.11029981812990886,0.13512202315739819,0.1142610170559574,0.14196811027305078
AI807950,10.92594599763554,4.6304743481601493e-07,0.11773660625950563,0.09843216749607636,0.12727755657487805,0.1481285634082417
M33478,10.871258651032056,5.001443125792774e-07,0.11215868033148317,0.12936835225970184,0.10272301414506768,0.1003414192345253
BF058559,10.670150131054154,6.640247151372331e-07,0.1452918417630034,0.16742572982162873,0.1413352618479543,0.15496498051770902
NM_033124,10.599179791007886,7.338778643110073e-07,0.030261548949990825,0.04038932404278498,0.027899123620013573,0.017970068764677907
AA700015,10.44848362029616,9.075377529696803e-07,0.19624138882313222,0.18607658166674124,0.16634938067209395,0.18415488848506026
NM_004636,10.4375561427619,9.216234559528915e-07,0.08386566552307899,0.0948724451009184,0.07571027488474902,0.08916878855657263
U12767,10.309930004981949,1.1032546188236972e-06,0.2290654844057601,0.293453625729504,0.25096765054382586,0.2909907832915007
V00489,10.205870543258568,1.2775368956943495e-06,0.7605695588890156,0.7430225389877939,0.8068297755857387,0.8333770632743835
NM_002585,10.18964904477556,1.3070829256401462e-06,0.08008043014619567,0.05712773070674595,0.07267082502462101,0.12350950546042866
U96394,10.17855388820006,1.3276843715658821e-06,0.22188486594604245,0.24388836179604514,0.269156470126563,0.23958179060109827
AI217416,10.171239013729995,1.3414439016782497e-06,0.06672439004888399,0.08190013484377023,0.10278776498757854,0.0663670191627949
S69738,10.058889523381561,1.5716124912620159e-06,0.04586318606877091,0.08146653478505396,0.07785856537294397,0.07965465544094875
AI457479,10.045694425531806,1.6011154624571574e-06,0.4170307205357683,0.40085973807528047,0.41562272644518417,0.3943710278633028
AI816281,9.965612112934757,1.7924365298952599e-06,0.24992880227317643,0.29112622465639676,0.26716466548087997,0.264486565492874
BF591692,9.93272399727104,1.8774815725556704e-06,0.12727463346213927,0.14859724620097806,0.1535566342615881,0.13191202672761543
NM_000560,9.910121552900112,1.938256977117207e-06,0.6448856200510209,0.6561626980576334,0.6451002311845698,0.6088057215823682
AL531683,9.821624188992475,2.195751086695956e-06,0.20842498768048381,0.2479767868381764,0.22433810558981823,0.22359382777019998
X79990,9.773816941918342,2.3488053301344562e-06,0.08970931180167534,0.09674615697455809,0.1233500069141359,0.08571479889715829
NM_145273,9.72120401205752,2.529602842734682e-06,0.12733091217029943,0.1510198814362162,0.142003156589018,0.13154838946756245
NM_014285,9.69602306521093,2.620993439249037e-06,0.13496626747842586,0.10357062819016949,0.13473019144744236,0.1100856565848686
R64696,9.68174135931652,2.674286425401822e-06,0.45974661526056604,0.43871006243842564,0.4462033590222147,0.48414316496183707
W58601,9.679023794746593,2.6845491973515944e-06,0.09629629302552023,0.10829731044143379,0.09607020343729956,0.1388985815263072
NM_001941,9.60693797300133,2.971634541706751e-06,0.17220771112991923,0.1449945052881344,0.14400724715513366,0.147215674609639
NM_004181,9.543689621750262,3.248697485745318e-06,0.15283002366243495,0.18635553725944037,0.1600734710870927,0.1560774763482948
NM_025240,9.523520903581463,3.342367874501055e-06,0.02653879437242087,0.03766508673009254,0.031685712981918385,0.048825417309566306
AA639705,9.467520372055187,3.6168534878398285e-06,0.24334324555420275,0.23976935358238627,0.2684133684820702,0.2532359403233196
NM_002467,9.1205312989234,5.897891532651705e-06,0.47639959544763655,0.4630486738832691,0.5109226622470158,0.4788786644159361
AK024205,8.978253620235655,7.207129516449434e-06,0.11412032264169442,0.1395309574033609,0.11747523610288067,0.11890855886388657
AI798655,8.90239715873495,8.02007561131529e-06,0.03505571919798834,0.03128114948147428,0.03511804194055527,0.05738761694018922
AL161958,8.864313871313293,8.462143599078398e-06,0.1793058202089315,0.17099119505534568,0.17889950014215966,0.22496844308320865
AL357503,8.828444487727644,8.900759121443553e-06,0.1531758033881421,0.1370028451926032,0.1816490471710955,0.17065261685571004
AI332774,8.767799330597464,9.694629889693141e-06,0.22409811105211738,0.23228255134736062,0.2333702766100952,0.1589397246581178
AU144892,8.750682961880983,9.931231122742832e-06,0.12803203854795306,0.11270303966060975,0.14170018629377515,0.08676330922821233
AF261715,8.739706854696527,1.0085982855430592e-05,0.11545561330281881,0.1370620020401943,0.11918556434011764,0.11932210736843042
BF116199,8.729685108250155,1.02293827689205e-05,0.08247764908747081,0.10172436643148214,0.08246302405365015,0.06964971584289574
NM_030893,8.663881230636875,1.122292742375211e-05,0.14798914867671156,0.11794202408521488,0.11913841082406476,0.1019375421117645
NM_004961,8.652515511171906,1.1404049228725601e-05,0.07405662324189832,0.07254539705215628,0.10154918547636368,0.06552206223484047
NM_004349,8.636744732427585,1.166021769637459e-05,0.06604825231084309,0.06629873045822329,0.09576917454556848,0.07517630717348914
BE669692,8.50425169007843,1.4052428882238153e-05,0.20148823039826227,0.20702730212950066,0.15103668985065755,0.0883377915475691
NM_006121,8.47482367989657,1.4647066259318824e-05,0.14205479430389345,0.13331927491532727,0.17609235392484798,0.16908042810770663
N29850,8.473086333214793,1.4682947715162812e-05,0.16884038670825852,0.17162803848144376,0.17812081519514322,0.11619733114791815
BC033941,8.396838872165695,1.634730032102822e-05,0.04193062827561408,0.027239879064963345,0.03042387515433306,0.028032609662257655
NM_022844,8.241748306048711,2.033693315222821e-05,0.16152850751671088,0.1636058867276344,0.18731000710003343,0.1873351888254632
X52213,8.213526846794645,2.1161237556465546e-05,0.15967701150130037,0.1807729429663611,0.18050433006427521,0.12775615004952567
AL523320,8.164197980599335,2.2683018020534852e-05,0.4064284765050499,0.434316486120224,0.44221137600302235,0.44192825777586126
AI928507,8.160432220000953,2.2803585820790527e-05,0.15454964538600405,0.13447834687692584,0.16373710368002553,0.19566352535472367
AW162210,8.085898274759105,2.5326139232896884e-05,0.05036585677603105,0.05029281056810264,0.06834419015006811,0.04106754884340391
NM_004780,8.053088383139421,2.6523172711282013e-05,0.4015271207061383,0.38594509648622843,0.3908931096646108,0.35888687538546193
AL137313,8.02526636962878,2.758240247230111e-05,0.12590093310033784,0.13886820518938273,0.11357229941883326,0.1109507791697979
AI096375,7.885240932286535,3.3590228587937426e-05,0.23141944126029496,0.23886488808735518,0.1940378750817568,0.20479883808036178
BF224177,7.871029776122482,3.4268682264945316e-05,0.06163946939701719,0.07711491063197894,0.06074526082590251,0.055712150802381004
AI867314,7.8370816719094485,3.594530919948251e-05,0.011037658740885954,0.017549202789725403,0.016660566450774312,0.013575681831774308
NM_002208,7.744595931565303,4.094033210959032e-05,0.5981001850525174,0.5888139052230095,0.5987432814757647,0.5595295013383378
AF018283,7.684125345539631,4.457524532117535e-05,0.025653212712655783,0.02511041135259978,0.0420739921095241,0.033734576251401104
AK093205,7.6216501305185185,4.8669413462797424e-05,0.11976397461300599,0.13791732226187986,0.12611573156157824,0.10495839300457133
AK024511,7.589036531754052,5.095371611028801e-05,0.06876183281585344,0.08697846715087035,0.07083509019702847,0.06301345502914385
AA584297,7.430299546806554,6.36955762652849e-05,0.12287615225468805,0.09977095939203282,0.11827631787204905,0.08193972023463875
AI806510,7.35754305454147,7.055480871603658e-05,0.11310821966110056,0.09142608374145024,0.09294638226845153,0.08185710508896168
NM_018649,7.3389601428043605,7.2421934736469e-05,0.18062583558099055,0.1492782530732421,0.19081830943604852,0.15687561996800958
NM_001801,7.300361320982207,7.645928287748762e-05,0.13089152746684338,0.15085421335187896,0.12967964376192467,0.12165123678007445
BC032757,7.214005371760727,8.632412908681812e-05,0.08556178341824733,0.10424248531523636,0.08858341581989009,0.07616654644871869
BG169832,7.006295662534024,0.00011556995768043709,0.1688467568649543,0.16412246984504322,0.17448902035545172,0.09286275523346522
AI917311,6.916965348769512,0.00013101390479977753,0.2749785035635011,0.27115049203739894,0.25816133335696584,0.2433319194025772
AI832477,6.846759227342242,0.00014458314094715257,0.14599416661930673,0.16674024018337205,0.14808044890630337,0.14271903928196017
AI743776,6.835218018843566,0.00014694428305053416,0.18453261659880074,0.21534616432647827,0.21556015001657036,0.1564633932051271
X52075,6.8299238274275735,0.0001480402210884056,0.4789381571319125,0.49018807589756286,0.4759487625689822,0.4518195543178292
BC031958,6.601159433550691,0.00020406397230569086,0.08653601390574503,0.0999415005569028,0.08356861692739122,0.0720157510124494
AL109726,6.584282661285573,0.0002089512400050531,0.07791347246149283,0.09366330570140499,0.09262524651551932,0.07511784217515312
NM_012261,6.484319153055054,0.0002403883367495202,0.16804158834605948,0.12427437828680821,0.1549261985056769,0.12457082741135775
AJ251022,6.450070337540661,0.0002522100382056291,0.048227856275860494,0.05886660309759939,0.04547206896940674,0.06519369752590305
NM_020163,6.392452468413371,0.0002734203851853605,0.15548454331652772,0.1686801910596872,0.14383011420007347,0.15617048515136847
X64985,6.328717941779523,0.0002989597335962918,0.08611378721719813,0.10640685060277646,0.09539022372676792,0.09481519883022055
H05959,6.287996351124259,0.0003165089299531904,0.14167584072469538,0.15265446475349398,0.15491847991073646,0.1808337328392406
AV733266,6.261044030950108,0.00032868526569001226,0.4240971578353452,0.3861860712432157,0.4395735855087464,0.34275535684685376
AF222341,5.85182208380476,0.0005827015456687988,0.1042082462686225,0.11708449971378795,0.09937861426425412,0.08485821809966206
NM_023068,5.8412421573881295,0.0005913823906001424,0.10830230281716045,0.11287807262372936,0.12856726830278012,0.10679326678604581
AF233648,5.821145667614339,0.0006082279032039905,0.08348073248875353,0.09535202362775048,0.0815062928167516,0.06032195041865804
BC029442,5.705813153957953,0.0007145680317138197,0.17806074200219416,0.14757132658023656,0.1657639365110561,0.09773159991722379
NM_017893,5.689910946069694,0.0007306149839729375,0.16913081226878962,0.1853918326303426,0.1658114713801484,0.16534429909877998
BQ710330,5.685381070985106,0.0007352514141769444,0.07574025414394933,0.09142520817248193,0.07575118655777369,0.0761468260045445
NM_145025,5.603786871137746,0.0008239652534340512,0.09540217358366919,0.09078192857255224,0.07804596446479892,0.08106502903582057
AW026243,5.497413289553497,0.0009558059371107317,0.0701696361581167,0.053566736670678586,0.06204573179011737,0.04164566843077367
NM_005413,5.49036073143789,0.0009652547663114449,0.0976598731476019,0.11592536471009976,0.10876129816851582,0.07552563373086069
BG332462,5.366542794549842,0.001147136964509525,0.5300360575249983,0.5251725018024445,0.5408054942750745,0.5433288334414017
AI393041,5.254999323535875,0.001339992665810484,0.05680662140713731,0.06275247213752932,0.0578264982819173,0.033518985525683255
AW296081,5.240095661260514,0.001368092803700474,0.13671631004806578,0.1457382489608813,0.13306773574986577,0.111773069947958
L11238,4.999441307389201,0.0019121150788422164,0.060087000110630936,0.07289296306398567,0.058182825149102176,0.06211003503047448
S69873,4.867779431290973,0.0022958459659612428,0.24623886325050562,0.2722081200490835,0.2709518939271163,0.23754982312404832
AF113014,4.764272813559132,0.0026504659956858734,0.1131804586888009,0.10252082675601111,0.09728259137009024,0.0751859618534962
AY078166,4.6379043533221935,0.003157903165540332,0.08434262925250575,0.09741544265512235,0.0965441754432069,0.08552953895441322
M60316,4.528895537961949,0.003672390385264639,0.10819575323834334,0.11302259092647506,0.09719905190274902,0.09121802346347721
AF065389,4.527302279652155,0.0036804961806588005,0.28908683551014014,0.29694371651622314,0.2976789771785764,0.3392795566902604
R61374,4.352482561278129,0.004686747646164501,0.1943473475002641,0.21239870099767352,0.1974322570031255,0.20316306761530942
AA310709,4.315285965383341,0.0049337683989983845,0.08391804539987288,0.09727731447879084,0.08548759665351059,0.09485420868407156
NM_018121,4.250498704550935,0.005395220203149618,0.08761899644581583,0.10124544780662102,0.08578123639026071,0.08742339936150026
AI694320,4.116183636092412,0.006492522106821304,0.07815860832802132,0.09218886362895655,0.07885016602960486,0.08956162462574108
AI733330,4.072196446979006,0.006897874472322282,0.17595351615882213,0.16706962815882787,0.19500897015926905,0.17694903043813487
AL043927,4.065754732236028,0.006959303646631984,0.19255582737488622,0.20464857822512025,0.20376818290828272,0.22172155777035757
NM_005246,3.9328735067169984,0.008354477562774066,0.18795226299398318,0.18861650698327068,0.17772267070319872,0.15226180171377435
AL832716,3.868913028143646,0.00912140419032464,0.0932443156660056,0.09565999708629609,0.08125876629424322,0.08321245093721638
AF280086,3.8059637877001813,0.009944103104535062,0.05449026688044771,0.06019814366293984,0.04767689362969177,0.042055548168718815
AF165312,3.6176608034316105,0.012868568638368116,0.21007523874521528,0.22508982666434116,0.20758825036106412,0.1993954772519511
BE549690,3.5558548082237897,0.014002411954672306,0.11472610822865961,0.12519928759930637,0.12090293036824534,0.09568689984464367
AK091254,3.5428422855229287,0.014253408443473973,0.18930493731429765,0.18345749938962705,0.19406948468542806,0.23603592994947767
N50412,3.537060414476022,0.014366353834219097,0.08481497917598789,0.08041858906417552,0.07117881573118809,0.06996397585283186
AA131324,3.4608108325511657,0.0159410823082163,0.24426741142748692,0.22767509810846573,0.2504340266076855,0.2551502822790035
BF110735,3.266222366708465,0.020772685518502598,0.08550599062016422,0.08863588015623548,0.08353673813118082,0.06186904143108878
AE000660,3.2645596923155598,0.020819633696139487,0.12350437660923723,0.13414029169136085,0.12283578339569154,0.12611107411252898
NM_016188,3.260245282103233,0.020941945392768436,0.006339090669617354,0.005540007621222778,0.0070773606715861465,0.0015787112060934208
AK024623,3.2466104488623606,0.02133315495581092,0.05770738555653525,0.06879543818784917,0.05963089418414516,0.06529522861548984
J04168,3.155401657550345,0.024141437504742003,0.09000655605592295,0.09529208096642174,0.08282080317615506,0.10277475548778163
BF513944,3.152152435352604,0.024247914695821042,0.1142188429986255,0.12651630196492444,0.11297568083280546,0.12225731973384706
NM_017636,3.143179211157012,0.024544371584891193,0.11278945787135862,0.09142355713158265,0.10487622810447958,0.05879162687288468
S74639,3.079413780161801,0.026756124430437254,0.06731155361775137,0.07788390963326527,0.06789109293201119,0.06547524868835541
AK024784,3.0241668120228105,0.028829851799761004,0.2944209122936318,0.2744973208991033,0.28697455133735444,0.3014567459738532
NM_015717,3.0047767199398825,0.029594440176695925,0.10478718272557723,0.10624200021965974,0.10424672074684811,0.07957007384014339
BI559356,2.9425426085243305,0.03218532313323409,0.0979885644991797,0.10985719727918132,0.10017564270196026,0.09759321787156337
NM_024554,2.8891845728309957,0.03458278209874014,0.09979347748828223,0.08584930484560377,0.09005940145022936,0.07848376260940414
AA993387,2.7466819041648667,0.041875888682057015,0.20177099062129855,0.20408031601411633,0.18869719370213928,0.19268325872199477
AI366780,2.7312009020552526,0.04275346828096311,0.10617348194974603,0.1047527950693252,0.11324303596079398,0.08509589766347128
NM_020328,2.730411105224989,0.04279871855910822,0.12426252867236154,0.13530340866393994,0.13285134747580915,0.14398646636237933
BF102683,2.727795090592494,0.04294893387661999,0.05423514154839005,0.061294475398399724,0.05070373840659046,0.04701680085773386
BC030210,2.7213656403244295,0.04332031466945667,0.127786764090853,0.1358438847559005,0.12484830034106738,0.12926470434163195
AB037745,2.634564795022409,0.04865185723984263,0.09913895378923131,0.1109957559474347,0.10154344714047382,0.1037464180398126
Z25521,2.618593637284963,0.049700306194559514,0.5455553120155947,0.5529714402770192,0.556045771108991,0.5592244392217591
AI686664,2.5868239435252183,0.0518517829214202,0.1009316292587121,0.11232593891953555,0.10977676920665262,0.10949489572843497
M22005,2.5284471216095943,0.05604416088845607,0.012866052884369256,0.012462241395341245,0.0099589353054037,0.009193185879307415
BE857703,2.5131706332543824,0.05719463949484796,0.10939461007925741,0.11169608126547707,0.11185095394899934,0.07904466113270542
BF437907,2.473553301303789,0.06028634952155259,0.005364831775713083,0.005349984916147101,0.00730184389002881,0.00517426544345567
NM_004186,2.464474567103066,0.061017411423380255,0.0613423739399744,0.05684328065617285,0.06827815360360659,0.06420520913982114
AW005572,2.453759743894991,0.061891309528257804,0.09069357689133886,0.0874208223928387,0.08101650686791446,0.0778690661671896
NM_006080,2.381897419169826,0.06807463686123667,0.09746930053256829,0.10065017430551884,0.107927311610445,0.08495917188566787
BE855713,2.2098439969555685,0.08541023625122819,0.21780661283832026,0.23624064081067508,0.23132947988985725,0.2521982059142618
AB046770,2.168218110909687,0.0902059000940345,0.0649863833186661,0.06558188268883382,0.06181936600048039,0.04601710465151905
AU154455,2.1241297366035847,0.09556805925123925,0.0707748055846832,0.0794959885288297,0.08237994401190242,0.06740439407592416
AI733593,2.111746384476159,0.09712854477937781,0.04954063828255972,0.05010236596555021,0.04195179281201837,0.05088647291454118
AU145680,2.0902206177666676,0.09989963264619431,0.13041985372226655,0.14071583653503503,0.13095154798615014,0.12364060730608403
BF237871,2.023544939085581,0.10897346778234739,0.14317371137440205,0.13674611425742444,0.1413399855812816,0.16159282529423408
AL833634,1.9526827611957929,0.11948157171900671,0.08298177022909867,0.08482103827036132,0.09250702900614532,0.08566022738489476
BC005254,1.933338605894472,0.12251442491983194,0.6586941841545455,0.6546059668315614,0.6692620380727233,0.6261006794696629
L20860,1.9195381573723904,0.12472291229602132,0.07786719011913967,0.08273625901835394,0.07610023777718124,0.09368514668109809
NM_001897,1.8963372326999202,0.12852164171265046,0.11482019949952192,0.11916364753571686,0.10755989087404906,0.09871981500886216
BC019904,1.6513085608891636,0.175954979382032,0.16903204611212083,0.1609193834668725,0.16226655082479993,0.15507636817042214
BE671462,1.3518796217081055,0.25619362554558744,0.061098111513307865,0.06578354510765538,0.060093034656740124,0.0706239745432381
NM_017716,1.3371538656371418,0.2608983048979435,0.05302458194270303,0.0600156977675454,0.05402905165656299,0.05587798388956418
BC032403,1.2763122075381024,0.281180415811859,0.1426984136795984,0.14931416346884102,0.15044304357609686,0.14927546064867533
NM_012431,1.1437950063847842,0.33034214880716567,0.05091514399167313,0.05436621618580922,0.04869221191371317,0.05643946525835717
AI860917,1.1245630981516666,0.3380770564030257,0.08004642657373837,0.08499168254383978,0.08241556724895824,0.09312271476225109
BF215018,1.0379058075940717,0.37492553130447764,0.046298602517959093,0.05155224841479053,0.05136328699123404,0.04901921642987536
AI033071,0.9759309000613764,0.4033518686126495,0.09381911026125929,0.08802220432229246,0.09160620334797363,0.10082754302163455
AW102637,0.9699649973247222,0.40618211068450316,0.06506732716828525,0.05906326724373526,0.062373874534160656,0.06634273851929282
AA343027,0.9604447450365275,0.4107331007317738,0.07673318411486325,0.079129750855102,0.07178621225743935,0.07052244425772926
BC038422,0.888144130081443,0.4466982208508151,0.05462382168192926,0.056028237613753036,0.05345967951106586,0.04672241308130755
AI590238,0.8405758341131354,0.47173228329405015,0.11504299039263578,0.11299798573575572,0.1159839171459645,0.10008406174520772
AF086073,0.8197221961092397,0.48305410521163694,0.0710957992577353,0.0657821748418466,0.0731566275772548,0.07217165253796552
AY007378,0.8057568724771896,0.4907548034927858,0.1599653380273611,0.16140359849963762,0.15946168652536344,0.145712522659884
AF062733,0.7750641954964892,0.5080139243504939,0.1800992159907698,0.1861972179193097,0.186298763618627,0.18078014909744614
AL354950,0.7673810092573351,0.5124062815729985,0.16988233875466185,0.17211067838444993,0.16398004425059032,0.16621540712062707
NM_014312,0.6379413318837199,0.5906751574326954,0.12163876897736597,0.1271759452384736,0.12307976861212562,0.11589535347424275
AF548114,0.6338384352883566,0.5932848536891226,0.0665852963225382,0.06883599947281341,0.06574597173181981,0.059506865843675684
BC006300,0.5406468360611735,0.6545427145661863,0.046635304327729506,0.049894477406768174,0.045128759356389526,0.04560750455942091
NM_006137,0.4984803512064054,0.6834111997059883,0.1333872431722564,0.1289966255966731,0.12609068212979962,0.1307123500507238
AL568652,0.4559559728677746,0.7131447780215043,0.07450065578103339,0.07588173992900406,0.07714555394864762,0.08244947309410851
AW950865,0.37538638244827205,0.7707809146987263,0.08957666252769632,0.08916762114977975,0.08858833440075765,0.08047271117048213
AI539425,0.3329678815022255,0.801517149035589,0.28379788758967994,0.28684253066400944,0.28367188659855364,0.2831088204023451
AF071542,0.2683570596117974,0.8482343596915827,0.18215252449864164,0.18158196848090194,0.17813984226391938,0.17802902120490408
AF427619,0.18205163619390521,0.9086118088481772,0.07144482402422533,0.07355286037246793,0.07140044778483969,0.07554264960074146
